Date,Open,High,Low,Close,Volume,HMA55
2020-01-01,334.7,335.95,332.15,334.45,17379320,
2020-01-02,334.5,339.85,333.35,339.3,20324236,
2020-01-03,337.95,337.95,332,333.7,21853208,
2020-01-06,331.7,331.7,317.7,319,35645325,
2020-01-07,324.45,327,315.4,318.4,50966826,
2020-01-08,312.1,321.5,311,319.8,44527485,
2020-01-09,326.9,331.4,325,330.2,40348407,
2020-01-10,331,337.95,328.1,332.25,42377838,
2020-01-13,334,335.45,329.05,330.75,23615129,
2020-01-14,329.8,331.7,326.5,328,26296117,
2020-01-15,329,329.2,322.35,324.25,32625740,
2020-01-16,324,326.9,322.35,323.3,26653623,
2020-01-17,313,323.5,310.1,318,58396326,
2020-01-20,321,321.45,313.4,314,30682902,
2020-01-21,313.8,316.95,312,313.7,30591772,
2020-01-22,317,317,313.7,316.15,24994911,
2020-01-23,316,324.8,314.15,323.2,33293610,
2020-01-24,323.5,327.3,321.15,324.05,22706879,
2020-01-27,320.9,322,315.8,316.2,23309355,
2020-01-28,317.95,320,311.05,315.1,26488426,
2020-01-29,317.85,319.7,315.55,316.45,23914114,
2020-01-30,316.75,316.75,305.65,310.7,35802330,
2020-01-31,313.7,321.7,308.6,318.45,92656638,
2020-02-01,317.95,322.65,296.3,302.6,61841736,
2020-02-03,303,306.85,295.35,298.1,56060158,
2020-02-04,302.9,307.55,297.1,306.25,51141567,
2020-02-05,306.9,313.65,304.6,311,35014841,
2020-02-06,311.2,323.5,310.1,321.95,57757656,
2020-02-07,321.5,325,318.4,320.55,37126803,
2020-02-10,319.8,322.8,316.5,318.5,24816396,
2020-02-11,321.05,325.8,321.05,324.35,30188757,
2020-02-12,329.9,329.9,319.25,320.2,38930849,
2020-02-13,322,330.95,322,327.45,62516057,
2020-02-14,328.1,331.9,318.55,319.4,48205947,
2020-02-17,320.95,321.15,311.65,314.2,36950692,
2020-02-18,315.4,319.2,309.4,317.55,38588583,
2020-02-19,322.3,324,317.25,320.35,39846727,
2020-02-20,319.35,329.2,318.75,327.65,40150409,
2020-02-24,325.75,331.3,321.85,322.95,45273936,
2020-02-25,325.9,328.15,322.2,326.8,39050709,
2020-02-26,324.85,330.8,324.2,328.2,43915281,
2020-02-27,328,330,318,321.95,47010040,
2020-02-28,312,314.65,301.1,303,59705346,
2020-03-02,311,312,284.05,287.4,66711413,
2020-03-03,293,294.4,285.3,289.85,61949382,
2020-03-04,291.8,293,275.1,285.3,73675736,
2020-03-05,290.9,298.4,270,288.5,149245973,
2020-03-06,268,274.4,253.95,270.5,106043172,
2020-03-09,260.05,262.75,251.15,253.45,101294751,
2020-03-11,253,258.5,243.1,245.1,90847179,
2020-03-12,231.9,231.9,208.6,212.6,99770256,
2020-03-13,200,248.8,184.65,242,155703140,
2020-03-16,227.9,231.4,220.6,223.35,75584607,
2020-03-17,227.2,229.9,212.05,215.15,65414721,
2020-03-18,221,223.15,200.1,215.2,101405421,249.47156204906196
2020-03-19,202.95,219.75,198.15,203.65,93535977,240.71139730639726
2020-03-20,205.55,215.7,200,209.85,77393021,233.14910173160183
2020-03-23,190,199.5,180.25,181.6,61751758,223.05082972582971
2020-03-24,190.95,191.95,173.55,183.2,67492010,213.7805110630111
2020-03-25,178,195.25,176.45,189.9,71568237,205.8647354497353
2020-03-26,191.55,201,185.1,192.75,107260674,198.89865319865322
2020-03-27,202,211.9,195,195.95,114746995,192.86303391053394
2020-03-30,190,195,186.25,186.9,60083237,186.3962578162578
2020-03-31,192,198.5,188.05,196.85,59543906,181.59243987493988
2020-04-01,194,194.5,185.25,186.55,52954482,176.25154160654165
2020-04-03,187.55,188.2,175,175.5,64455937,170.381424963925
2020-04-07,184.4,187.3,177.6,186.4,72133717,166.36273328523336
2020-04-08,182.9,194.4,180.45,183,80436673,162.63371693121678
2020-04-09,188,190,183.6,187.75,62417301,160.0942207792208
2020-04-13,186.8,188.7,183.1,183.5,51847574,157.7274398749398
2020-04-15,187,191.95,180.15,182.35,72190294,155.78517436267435
2020-04-16,182,189.9,180.25,188.5,61165997,154.97077441077445
2020-04-17,196,198,186.3,193.25,89858053,155.11407888407882
2020-04-20,194,197.35,190.05,192.5,81961666,155.5791281866283
2020-04-21,188,188.2,183,184.75,53043573,155.64143217893218
2020-04-22,185.5,189.5,181.35,188.7,61503792,156.4960113035113
2020-04-23,187.75,189.9,185.15,186.7,50957437,157.3959427609428
2020-04-24,184,184,179,179.75,65146846,157.7797065897066
2020-04-27,183.5,183.5,180.5,180.9,43003001,158.37042929292946
2020-04-28,182,185.35,181.2,184.3,49590249,159.56969215969204
2020-04-29,185,191.8,183.5,190.1,57470639,161.52310125060106
2020-04-30,193.5,195.9,189.7,190.5,63069460,163.57648508898507
2020-05-04,182.45,183.5,178,178.85,58122608,164.43409571909575
2020-05-05,181,181.25,168.8,170.4,91050629,164.42464405964412
2020-05-06,171.15,173.3,166.55,171.1,73156881,164.6014225589227
2020-05-07,170.85,172.55,168.8,170.75,42944139,164.70054232804233
2020-05-08,172.45,173.8,166.1,166.65,55935527,164.32650913900898
2020-05-11,167.95,168.9,165,165.45,54594499,163.84721260221247
2020-05-12,164.2,168.5,160.85,166.9,70752913,163.5625228475228
2020-05-13,178.55,178.55,170.5,174.1,81721884,164.10393939393956
2020-05-14,170.95,171.75,167.5,167.95,48137099,163.9631782106782
2020-05-15,167.95,168.25,164.7,166.4,35498484,163.7121127946127
2020-05-18,166.4,166.4,155,155.3,77350889,162.2784078884078
2020-05-19,157.5,157.85,152.4,152.8,71522983,160.57180856180867
2020-05-20,153,155.25,151.15,153.4,66178068,158.9967857142858
2020-05-21,153.65,156.15,151.5,151.95,61150189,157.31042207792203
2020-05-22,152,155.6,149.45,150.85,87069955,155.58117123617117
2020-05-26,152.4,153.2,150.2,151.4,48281208,153.97249639249634
2020-05-27,151.95,160.8,150.8,158.6,88206678,153.2005651755653
2020-05-28,159.45,162.4,156.7,158.2,76970390,152.46034151034152
2020-05-29,156.1,161.9,155.2,161.3,58368035,152.1522234247234
2020-06-01,164,171.4,163.35,170.05,92742124,152.86616522366526
2020-06-02,169.9,171.3,167.2,170.25,70422258,153.60239778739768
2020-06-03,172.5,179.9,172,174.9,113173574,154.86936628186635
2020-06-04,174.9,177.65,171.5,174.05,83495015,156.05669071669078
2020-06-05,176.55,189.8,176,187.8,201325176,158.70125180375175
2020-06-08,197,197.5,185.8,186.8,151750421,161.1860582010582
2020-06-09,187.7,191,183.35,184.45,96656234,163.3700072150072
2020-06-10,184.55,189,183.8,187.7,67335901,165.90680495430496
2020-06-11,188,190.4,176.35,177.15,91729798,167.3102356902357
2020-06-12,170,180,169.8,179.15,92761694,168.91223905723902
2020-06-15,177.85,177.85,172,173.7,63617286,169.86810846560837
2020-06-16,178,178.95,169.4,172.9,63929925,170.70103294853294
2020-06-17,171,176.2,169.25,172.95,73867145,171.52228956228956
2020-06-18,172.4,180.65,171.1,179.65,58262367,173.02141414141406
2020-06-19,180.3,184.95,179.5,184.5,76897890,174.95839345839354
2020-06-22,185,191.75,184.25,187.7,80024673,177.13975108225102
2020-06-23,189.6,193.1,187.85,192.45,65487726,179.7527224627225
2020-06-24,194.8,194.9,183.9,184.6,74670206,181.3985966810967
2020-06-25,182.2,186.8,180.4,185.25,73626947,183.0098629148629
2020-06-26,188,188.6,183.8,184.6,49178705,184.39217652717656
2020-06-29,183,183.1,178.5,179.25,50967079,185.038930976431
2020-06-30,181.1,182.9,177.25,178.45,43616291,185.45855579605583
2020-07-01,179.45,185.4,178.6,184.8,54015536,186.41537157287152
2020-07-02,185.65,188,184,185.45,52127613,187.26028499278493
2020-07-03,186.65,186.85,183.4,184.7,38050996,187.84594877344878
2020-07-06,186.6,189.85,186.15,188.05,43789749,188.65397186147192
2020-07-07,187,189.2,184.05,188.6,55124984,189.36269480519476
2020-07-08,188.9,197.45,188.4,191.9,143083196,190.2775252525251
2020-07-09,192.8,201,192.55,199.1,89540860,191.84778619528618
2020-07-10,198,202.5,194.8,195.6,111410003,192.89971981721976
2020-07-13,198.8,199.8,191.6,192.7,61952344,193.5358958633959
2020-07-14,192.3,192.3,184.6,186.05,62243325,193.36479076479085
2020-07-15,187.95,189.95,183,183.8,58528072,192.9659644059643
2020-07-16,185,186.95,181.65,186.25,46549518,192.84739417989428
2020-07-17,186.8,189.5,185,188.2,47035751,192.9294949494949
2020-07-20,190,193.25,188.75,190.75,45680606,193.2809307359306
2020-07-21,192.45,196.2,191.5,194.4,59286092,193.95164261664266
2020-07-22,195.7,196.75,190.1,192,62276770,194.2946212121212
2020-07-23,192.4,199.1,191.15,198.25,70802269,195.22444324194322
2020-07-24,195.7,196.3,190.65,191.95,65266228,195.36276815776807
2020-07-27,193,193.2,186.5,187.15,50714366,194.9000444925445
2020-07-28,188,190.5,185.75,189.45,51490418,194.65737854737847
2020-07-29,187.6,195.25,187,191.2,73766851,194.59160654160658
2020-07-30,192.5,193.5,186.05,186.55,48478733,194.02488095238104
2020-07-31,188,194.85,186.7,191.45,145903102,194.02245670995663
2020-08-03,192,194.6,190.05,192.25,72457670,194.08476310726311
2020-08-04,193.35,193.8,190.5,191.6,43867110,194.0571753246753
2020-08-05,192.75,196.85,191,191.45,68888954,194.0000505050506
2020-08-06,192.3,194.5,190.25,190.95,59740299,193.84990139490137
2020-08-07,191.45,192.1,189.55,190.65,44822757,193.62585497835497
2020-08-10,191.85,195.5,191.7,193.8,48785067,193.73348605098607
2020-08-11,195,196.8,193.75,195.05,43892064,193.95875541125534
2020-08-12,196,204.25,194.6,203.3,157820882,195.0415355940357
2020-08-13,205.5,207.3,200.75,201.9,70443500,195.92265392015383
2020-08-14,203,204,194.6,196.5,56176117,196.1832070707071
2020-08-17,198.45,198.65,191.5,193.1,54788249,196.07799302549284
2020-08-18,193.8,195.75,191.7,195.1,46295650,196.23377825877824
2020-08-19,196.4,200.3,195.9,197.05,59302164,196.617273929774
2020-08-20,194,196.35,193.25,194.75,37505379,196.74570827320832
2020-08-21,199,201.5,197.65,198.4,68047789,197.23262385762374
2020-08-24,200,202.8,198.6,201.45,53866579,197.97595959595955
2020-08-25,204,208.45,202.7,207.95,105397006,199.34481361231363
2020-08-26,208.5,210.35,206.15,209.85,66750983,200.82800144300134
2020-08-27,210.5,216.5,210.5,215.65,80999489,202.84594276094293
2020-08-28,217,225.9,216.8,224.85,95983850,205.76216450216444
2020-08-31,231.55,231.55,210.35,212,119990567,207.15746632996638
2020-09-01,213.1,218.9,211.2,218.1,75048317,209.1584583934583
2020-09-02,218.25,219,212.3,216.25,47608719,210.85222703222698
2020-09-03,217.5,218.25,212.3,213.15,38595597,212.08800144300142
2020-09-04,210,212.3,205.9,206.6,54435819,212.51834656084645
2020-09-07,207.5,209.65,205.4,207.9,35687677,213.02084656084656
2020-09-08,207.9,208.5,202.9,204.05,34147081,213.0110004810006
2020-09-09,201.1,201.4,192.5,194.85,72716962,211.95630591630598
2020-09-10,197.7,201.45,195.2,198.15,67790247,211.24808201058195
2020-09-11,198.55,203.85,197,202.7,48488142,211.0010786435785
2020-09-14,205.9,206.2,197.35,198.5,63606706,210.25630471380472
2020-09-15,199.9,201,197.1,200.15,51762796,209.6608694083695
2020-09-16,199.85,200.05,196.25,198.2,52407160,208.82033189033194
2020-09-17,197,198,195,195.45,41226058,207.67057239057252
2020-09-18,196,197.2,189.7,192.6,55286449,206.21983285233273
2020-09-21,193.05,193.5,184.25,185.8,57614739,204.1022655122654
2020-09-22,186.15,188.3,181.15,186.2,51216440,202.11127946127948
2020-09-23,188.15,188.95,181,183.8,44321881,199.9160894660894
2020-09-24,181.1,181.8,175.5,176.35,46115352,196.96663179413196
2020-09-25,179,182.75,176.15,182.2,46550618,194.72839345839338
2020-09-28,184,188.15,183.35,187.25,41921659,193.10109668109666
2020-09-29,188.5,188.95,183.25,185.05,35688939,191.27422919672935
2020-09-30,185.05,186.8,182.4,185.4,37642302,189.55484728234723
2020-10-01,187,191.2,186.9,190.3,43589041,188.44642496392495
2020-10-05,192,193.8,187.05,188.75,41694812,187.2679473304472
2020-10-06,191.1,192.1,188.3,191.6,31098807,186.50682419432425
2020-10-07,192.55,193.15,189.1,190.7,34578821,185.77707311207323
2020-10-08,191.35,195.8,190.55,191.5,43351954,185.31132154882147
2020-10-09,192,198.8,190.55,198.3,64908374,185.6822823472825
2020-10-12,199.7,205.95,197.25,198.7,69125880,186.20089466089453
2020-10-13,198.65,200,195.1,195.7,34949604,186.49531866281862
2020-10-14,194.05,200.9,193.05,200.05,40550062,187.3536940836942
2020-10-15,201,202.5,192,192.85,49184944,187.48218013468008
2020-10-16,194,196.75,191.6,195.95,36894938,188.0235101010101
2020-10-19,196.2,204.6,196.05,204,60223657,189.47630110630112
2020-10-20,201,204.35,200.7,203.05,39317197,190.78704304954317
2020-10-21,204.7,207.3,198.85,203.75,54516482,192.153872053872
2020-10-22,201.9,204.6,201.1,203.3,33721761,193.47482082732074
2020-10-23,204,205.6,201.55,202.8,32708098,194.72449615199608
2020-10-26,202.7,204,195.6,196.7,45471498,195.31427368927373
2020-10-27,197.25,197.55,192.25,194.65,37802664,195.69627344877355
2020-10-28,195,195,189.05,190.45,46462213,195.63305796055798
2020-10-29,189.35,190.7,185.9,188.7,44823105,195.39073112073112
2020-10-30,189.35,192,186.15,189.25,41520135,195.18250841750836
2020-11-02,192.2,197.25,190.05,196.05,52600119,195.6785052910053
2020-11-03,198,205.8,197.6,204.75,69890201,197.041537999038
2020-11-04,203.5,209,198.05,207,117577856,198.50294252044264
2020-11-05,216,221,214.75,218.65,138023646,201.0890716690716
2020-11-06,219,221.85,217.05,219.2,73147085,203.5820177970178
2020-11-09,222.5,222.65,217.05,219.5,60359458,205.94229557479568
2020-11-10,223.1,235,223,231.7,135294550,209.44299422799412
2020-11-11,232.75,239.35,227.75,234.2,107094861,213.01214526214537
2020-11-12,233.2,233.35,225.65,226.8,58859905,215.56500841750835
2020-11-13,225,230.65,220.1,229.45,70676525,218.2265632515633
2020-11-14,232,232.9,227.75,229.65,7753219,220.71348124098122
2020-11-17,231.85,241.6,231,240.2,80501583,224.13202140452134
2020-11-18,239.4,253,237.9,252,104514060,228.61146584896585
2020-11-19,248,251.8,239,239.75,82284278,231.5184126984126
2020-11-20,241.5,245.4,233.95,242.75,84411129,234.52897907647923
2020-11-23,243.5,246.15,238.1,238.7,57538324,236.89891173641175
2020-11-24,240.5,245,239.5,243.85,47636611,239.59888167388175
2020-11-25,245.45,249.9,241.6,243,74767232,241.9776851851851
2020-11-26,244,246.25,240.15,245.45,64248318,244.4379316979316
2020-11-27,245.45,246.25,242.05,244.25,54355703,246.5781253006253
2020-12-01,245,248.95,244.25,248.05,37003272,248.94111111111113
2020-12-02,248.35,250.85,244.1,246.95,56723083,250.97891534391536
2020-12-03,249.3,259,248,256.3,79266442,253.81636844636833
2020-12-04,257,264.35,253.55,263.5,79252024,257.1463672438673
2020-12-07,263.8,271.45,263,269.6,76053084,260.8080543530543
2020-12-08,270.95,273.7,265.25,271.9,65617502,264.3455363155363
2020-12-09,272.1,274.9,269.2,270.35,48495641,267.32822871572876
2020-12-10,269,271,265.55,269.55,38676657,269.8510088985089
2020-12-11,270.05,276.25,270.05,272.45,50255223,272.349737854738
2020-12-14,274,276.15,272.35,274.2,31946501,274.7353306878307
2020-12-15,274.05,274.05,268.15,270.65,34890948,276.44854978354977
2020-12-16,272.8,273.65,268.5,269.4,24844177,277.81014309764305
2020-12-17,270,272.15,266.7,267.7,25904699,278.7773292448293
2020-12-18,267.7,271.95,265,271.45,29816205,279.9449434824435
2020-12-21,268.45,269,251.05,254.7,55160758,279.16347402597387
2020-12-22,254.8,258.7,248.25,257.45,51189571,278.61
2020-12-23,256.95,263.9,255.6,263,29056404,278.5336099086098
2020-12-24,265,268.85,264.65,266.85,28585509,278.73857022607035
2020-12-28,268.75,276,268,275.2,36870242,279.690796055796
2020-12-29,276.3,279.9,274.7,277.9,45032526,280.8014730639728
2020-12-30,278,278.7,272.5,276.9,30971894,281.71965848965857
2020-12-31,275,277.25,272.6,274.95,29467966,282.2831337181336
2021-01-01,274.9,280,274.4,279.4,24531791,283.2044853294854
2021-01-04,281.85,283.9,277.75,281.05,31450608,284.1388047138048
2021-01-05,278.05,282.45,277,281.75,27393072,285.0085714285712
2021-01-06,283,289.15,281.4,285.05,40765708,286.0825974025974
2021-01-07,289,291.8,287,287.7,30546600,287.283658008658
2021-01-08,290.1,291.4,285.2,286,32543357,288.1276491101491
2021-01-11,288,288.2,279.6,282.5,29703173,288.4492556517559
2021-01-12,280,293.85,277.9,292.5,44307145,289.7056240981239
2021-01-13,296,308,294.5,306.8,78042133,292.36084776334764
2021-01-14,306.7,309.25,303.8,307.25,40123498,294.9066786916787
2021-01-15,306.8,310.9,301.3,303.85,35307601,296.9621344396344
2021-01-18,303.5,308.65,292.2,294.45,54969750,297.9150360750362
2021-01-19,297.65,302.5,296.4,298.6,35803901,299.25373617123614
2021-01-20,298.8,304.7,296.85,302.55,33759304,300.9329533429534
2021-01-21,304,305.15,291.5,294.85,29995203,301.6970670995671
2021-01-22,295.5,298,282.4,283.7,44440810,301.2157852332851
2021-01-25,284.5,288,277.05,280.95,34034630,300.420618085618
2021-01-27,280.2,284.85,272.7,275.65,39211107,299.0369372294371
2021-01-28,271.9,283.35,269.5,282.35,48717297,298.3657058682059
2021-01-29,285.6,290.65,279.1,282.1,42300984,297.65082852332847
2021-02-01,285.1,313.9,282.75,310.7,103414068,299.88799062049054
2021-02-02,315,337.4,315,333.1,121434166,304.29308201058194
2021-02-03,333.75,339.9,325.8,335.95,66420168,308.7016570466569
2021-02-04,334.4,358,331.1,355.1,145203439,314.86556517556534
2021-02-05,387,408.35,385.15,393.1,214955688,324.7596115921115
2021-02-08,398,407.8,394.75,397.05,79389205,334.5666341991341
2021-02-09,396.75,403.5,389,394.8,63869990,343.5910594035594
2021-02-10,394.05,397.9,388,392.25,54163507,351.80882515632493
2021-02-11,391.8,396.95,388.25,390.15,36392708,359.3015788840791
2021-02-12,391,399.35,385.55,393.15,53589755,366.63685666185677
2021-02-15,397.5,409.45,395.7,406.95,56608937,374.95823593073595
2021-02-16,412,415.75,400.3,402.35,80365431,382.24824555074537
2021-02-17,403,414.85,400.15,411.75,74161370,390.04066738816726
2021-02-18,425.05,427.7,413.7,415.2,67154539,397.6461544011546
2021-02-19,415,415,395,399.55,66155518,402.98127825877805
2021-02-22,400.6,401,385.65,389.5,52535049,406.77230519480526
2021-02-23,392,399.7,389,395.6,45462768,410.865830928331
2021-02-24,397,410.5,395.2,406.25,39632090,415.7187469937471
2021-02-25,411,414.9,406.55,407.25,46988836,420.2257407407407
2021-02-26,399.5,401,387,390.15,64450414,422.39165584415565
2021-03-01,395.1,397.7,391,394.95,29677890,424.6652573352572
2021-03-02,395,399.55,390.55,394.2,30534337,426.4510413660417
2021-03-03,396.5,408.9,396,405.05,46268223,428.9527224627222
2021-03-04,398.7,403.5,394.45,395.65,43603653,429.8901647426648
2021-03-05,395,395,378.1,383.65,72179228,429.01618326118347
2021-03-08,388.45,393.4,386.05,389.6,39147858,428.28246151996126
2021-03-09,393.45,394.9,382.25,387.6,28054083,426.8461495911497
2021-03-10,391.1,393,385.7,387.7,22677399,424.9377729677729
2021-03-12,391.7,393.2,377.5,381.1,35336355,422.0012097162099
2021-03-15,382.5,386,369.35,383.9,42722976,419.1909704184708
2021-03-16,385.6,387.85,376.1,378.55,38196452,415.6323196248196
2021-03-17,378.2,379.65,366.05,368.15,33143064,410.9078415103415
2021-03-18,371.5,375,361.1,367.1,39405038,406.2632311207313
2021-03-19,363.95,372.9,357.25,371.15,60309145,402.2689369889369
2021-03-22,372,372.8,363.5,367,28461974,398.01633357383366
2021-03-23,368.7,377.95,367.05,372.7,41032380,394.5678150553147
2021-03-24,368.5,369.05,358.65,359.85,42318999,389.89542328042324
2021-03-25,360,360.85,345.2,355.2,57495003,384.9521765271767
2021-03-26,360,362,354.55,357.2,40718848,380.54471981721974
2021-03-30,360.1,364.3,356.3,360.8,39407496,376.80871693121725
2021-03-31,360.3,367.85,357.95,364.3,38651025,373.76475829725814
2021-04-01,367.7,371.9,363.1,370.65,31883453,371.72131313131325
2021-04-05,367.5,369.2,349.05,353.55,51743981,368.05587542087557
2021-04-06,355.7,357,349.3,350.55,44147709,364.29886363636354
2021-04-07,351.25,363.2,347.6,358.55,48023602,361.6657635882636
2021-04-08,361,363.3,354.3,355.6,33370259,359.00228475228465
2021-04-09,354.4,364.5,351.2,353,46473100,356.3671188071189
2021-04-12,344,344,322.55,328.85,75501713,351.3790331890334
2021-04-13,332,342.25,330.5,341,49773360,348.0621115921114
2021-04-15,342.1,347.55,336.1,342.7,52992349,345.23378186628184
2021-04-16,343,345.5,338.65,339.9,37766793,342.46641774891765
2021-04-19,327.15,332.05,321.3,331.15,53304377,339.09302068302094
2021-04-20,335.1,339.9,326.7,329.5,41296147,335.8532130832129
2021-04-22,326,337.65,323.3,336.65,49105833,333.7324338624337
2021-04-23,331.65,339.9,331.65,336.45,44223940,331.8950625300627
2021-04-26,339.25,347.45,339.25,344.3,49234985,331.2052188552188
2021-04-27,344,354.95,342.4,353.05,46003023,331.66940235690254
2021-04-28,357,364.3,356.05,363.4,56696255,333.41869648869647
2021-04-29,365,369.95,355.5,359.4,63692926,334.8374025974024
2021-04-30,353.45,362.5,350.45,353.5,53832840,335.6730543530544
2021-05-03,349.6,352.5,341.4,350.6,43691860,336.2442352092353
2021-05-04,355,362.9,350.2,351.5,57749307,336.9904124579125
2021-05-05,356.5,357.45,348,355.4,40872501,338.2083405483405
2021-05-06,358,359.35,350.55,355.55,36294427,339.5099458874458
2021-05-07,357.5,362,353,358.25,38357618,341.10112073112094
2021-05-10,360.5,367,358.8,361.7,41739324,343.02313852813865
2021-05-11,356.85,366.4,354.75,364.65,41892770,345.20803511303507
2021-05-12,362.8,373.5,361.9,367.7,53436590,347.67486652236653
2021-05-14,370,372.5,359.55,360.45,51722170,349.3183189033188
2021-05-17,364.4,385.2,363.65,383.1,106555796,353.4069733044731
2021-05-18,390,392.55,380.05,382.25,70917710,357.23752525252536
2021-05-19,382,389.5,381.2,384.4,48189573,361.1260016835018
2021-05-20,387,387.8,382,384.55,42898608,364.8865043290042
2021-05-21,390,404.4,378,401.2,192810772,370.26367003367017
2021-05-24,417,419.2,405.3,412.05,142964052,376.5443807118808
2021-05-25,415.1,415.5,408.5,412.35,56048127,382.4312433862438
2021-05-26,413.8,418.75,410.8,413.55,52357719,388.080462962963
2021-05-27,413.7,429.1,412,425.2,73392997,394.61559403559374
2021-05-28,430.5,433.65,420.05,422.05,65137568,400.37498677248647
2021-05-31,421,426,418,424.35,38291043,405.91699855699864
2021-06-01,426.05,435.35,425.6,432.55,59299647,411.8621584896586
2021-06-02,430.8,437.95,429.15,437.25,38657806,417.8313720538725
2021-06-03,437,441.95,433.5,439.65,38909199,423.5566354016351
2021-06-04,437.5,441.9,431.75,433.6,36898769,428.1629208754206
2021-06-07,435.1,437.4,430.8,432.25,20201197,432.2324639249639
2021-06-08,432.25,432.5,424,427.2,31113823,435.42804593554604
2021-06-09,427.5,432.3,418.2,421.45,27784834,437.68041726791733
2021-06-10,424.9,433.3,422.4,432.25,27397712,440.7650180375177
2021-06-11,434.85,435.5,425.25,429.6,26831924,443.1759848484846
2021-06-14,427,432.45,416.7,430.35,30106015,445.29203583453597
2021-06-15,429.2,432.8,428,429.5,16413658,446.961590909091
2021-06-16,428,432.75,425,425.95,19701175,447.89640211640204
2021-06-17,421,425.95,416.6,420.25,23048331,447.90522005772004
2021-06-18,423.9,423.9,402.65,412.9,45748727,446.8589898989899
2021-06-21,406.35,421,400.5,419.75,33128978,446.3275661375664
2021-06-22,423,425.45,417.3,418.65,28442965,445.4411676286677
2021-06-23,421.1,424.75,415,418.85,27564829,444.30355339105313
2021-06-24,420.35,422.75,416.3,417.2,19214547,442.8312987012985
2021-06-25,421,431,419.05,428.8,29886797,442.4583116883117
2021-06-28,430.7,433.15,424.55,426.75,29370660,441.68157287157317
2021-06-29,427.5,428.95,420.55,421.5,22275961,440.16333934583946
2021-06-30,423,424.9,418.3,419.2,18337773,438.3340620490621
2021-07-01,420.3,423.7,417.15,420.4,16161469,436.63851250601243
2021-07-02,420.3,425.4,419,424.4,16423811,435.3883898508903
2021-07-05,426.5,434.5,424.25,432.65,16483761,435.01894420394416
2021-07-06,431.7,436.5,428.2,429.75,20195278,434.3577753727755
2021-07-07,429.35,434,427.55,432.85,14473774,434.0463528138526
2021-07-08,432.8,435.4,422.1,424.45,21433043,432.8559956709954
2021-07-09,425,427.5,421.05,423.75,16844494,431.69515151515157
2021-07-12,426.5,430.25,424.6,427.45,12886781,431.0587229437231
2021-07-13,430,431.8,428.3,429.1,12831125,430.7227212602212
2021-07-14,429,432.3,426.4,431.05,12767351,430.67452260702254
2021-07-15,432.7,432.95,429.65,431.7,11030732,430.75296536796566
2021-07-16,432,432.5,427.45,430,8713863,430.66980639730656
2021-07-19,423.4,429.45,418.85,427.9,14426686,430.36225348725344
2021-07-20,427,427,418.9,420.9,14623321,429.3760281385278
2021-07-22,425.55,426.7,420.9,422.05,11799761,428.6046981721982
2021-07-23,422.9,429.95,419.5,428.9,17704661,428.65702380952405
2021-07-26,427.8,427.8,422.3,423.3,14037519,428.1602513227515
2021-07-27,424.15,433.25,424,429.95,24119619,428.4339935064931
2021-07-28,430,430.5,421.05,425.5,17636515,428.22618566618524
2021-07-29,426,443.6,425.5,441.55,35263606,429.71278258778284
2021-07-30,441.5,444.4,430.7,431.8,35196813,430.089327801828
2021-08-02,434.75,436.7,431.8,434.9,16926025,430.7700625300629
2021-08-03,434.95,447.9,433.6,446.5,40922962,432.65707792207763
2021-08-04,448.65,467.45,441.5,456.95,129761158,435.54987854737857
2021-08-05,461,462.5,438.4,441.85,58595639,436.72438672438676
2021-08-06,443.7,447,434,435.65,38236066,437.1920202020203
2021-08-09,437.9,441.8,431,433.4,22196404,437.37689634439636
2021-08-10,434.4,436.4,421.7,426.45,27794251,436.7629064454064
2021-08-11,429.8,432.9,423.15,428.05,23827946,436.29768518518483
2021-08-12,430,430.45,425,427.15,16847144,435.72691798941815
2021-08-13,427.6,432.25,425,431.2,20908992,435.62801106301083
2021-08-16,430,434,424,424.85,17608693,434.8449711399713
2021-08-17,424.85,425.85,415.25,421.5,22957877,433.747148869649
2021-08-18,422.15,424.35,418,419.7,17668574,432.47022727272724
2021-08-20,415,417.35,405.15,406.7,25541790,429.81353294853324
2021-08-23,411.1,413,401.25,409.5,26559937,427.5467893217888
2021-08-24,409.5,418.75,408.2,417.6,19012313,426.23202861952853
2021-08-25,419,421.3,414.3,416.25,16410980,424.8333994708995
2021-08-26,414.5,415.8,410,410.75,15897679,422.9168410293412
2021-08-27,410.35,414.35,407.5,412.45,15090541,421.273595478596
2021-08-30,414.4,423.3,413.5,422.7,20308691,420.8044660894657
2021-08-31,423.85,427,418.7,426.05,26262421,420.67854016353994
2021-09-01,427.5,432.55,425.15,429.9,18776721,420.94164502164523
2021-09-02,431.4,433.5,427.75,429.75,14372717,421.1830952380953
2021-09-03,431.25,434.3,428.2,431.4,14233624,421.56736652236685
2021-09-06,432,433.85,430.05,431.05,10694099,421.91000481000475
2021-09-07,431.05,431.7,425.1,429.1,14928735,422.0213624338621
2021-09-08,429,435.4,427.35,431.35,22817464,422.45018398268434
2021-09-09,430.25,433.8,430,432.3,9662128,422.9907046657045
2021-09-13,430.1,433.8,428.8,432.85,9567921,423.6127741702745
2021-09-14,435,436.75,432.25,433,9981562,424.3322282347282
2021-09-15,433,445,431.45,443.85,22181568,426.35116161616156
2021-09-16,444.85,466.1,442.75,463.7,42637448,430.4960714285718
2021-09-17,468,471.9,450.35,454.1,41529478,433.48799062049056
2021-09-20,449.4,453.5,435.65,437.45,18376916,434.607626262626
2021-09-21,440.15,441.35,432.65,438.8,17279588,435.82555435305426
2021-09-22,438.9,442.8,436.1,438.85,14321143,437.00390933140943
2021-09-23,442.4,451.15,442.05,449.8,20516770,439.30295695045703
2021-09-24,451.1,451.9,440,440.75,10731274,440.5450853775852
2021-09-27,444.9,450.55,442.25,446.6,11746892,442.33701539201536
2021-09-28,449.2,455.8,439.6,444.9,19241170,443.822926887927
2021-09-29,441.85,462.3,439.1,460,38635938,446.80664141414167
2021-09-30,459.95,464.9,451.4,453,26530369,448.7818843193844
2021-10-01,448.5,455.55,443.8,451.65,14777309,450.39891654641644
2021-10-04,453.8,464.4,451.6,463.15,16246765,453.0825757575757
2021-10-05,462,469,458.7,464.7,16487568,455.7050024050024
2021-10-06,465,471,453.65,457.2,19056690,457.2598364598366
2021-10-07,462.1,464,457.1,457.9,9984651,458.67056036556033
2021-10-08,461.9,464,454.25,458,16521128,459.9252356902359
2021-10-11,460,474.95,458.65,469.25,20686981,462.2403114478112
2021-10-12,470,484.4,468.1,483,33763609,465.8510497835496
2021-10-13,486.15,486.15,478,481.7,17638983,469.0758862433865
2021-10-14,482,493.9,482,490.6,23431826,473.0260786435787
2021-10-18,494,501,491.7,497.95,20084248,477.48807479557485
2021-10-19,500.35,504.2,483.25,488.2,20645100,480.58818783068784
2021-10-20,488.8,507.5,483.1,499.9,34080545,484.67137085137074
2021-10-21,504.9,506.5,491.75,502.95,20808243,488.7678884078884
2021-10-22,504.6,508.7,500,502.95,24080485,492.5376948051948
2021-10-25,506.5,515.45,497.85,506.5,35619415,496.3544083694082
2021-10-26,507.6,518.2,507.6,512.55,21107457,500.52003006253005
2021-10-27,513.7,526.85,512.75,519.15,29463032,505.18023809523805
2021-10-28,519.6,520.55,497.6,501.35,28140401,507.6433441558443
2021-10-29,501.5,512.65,488.4,502.15,31355893,509.89819264069257
2021-11-01,508.5,516.95,501,515.7,20679604,513.3187974987973
2021-11-02,514.8,525,512.05,521.7,26797820,517.0325613275613
2021-11-03,524,542.3,515.2,527.65,80775924,521.0647979797981
2021-11-04,531.5,535.9,528.05,530.45,9796046,524.9998761423761
2021-11-08,534.45,534.45,516.45,523.25,36802110,527.7884463684463
2021-11-09,526.25,532,522.2,529.15,25451967,530.8606806156806
2021-11-10,525.55,528.5,521.5,524.4,15805538,533.1291847041846
2021-11-11,522.85,522.85,507.1,509.6,23086898,533.5106253006252
2021-11-12,512,513,502.7,511.35,19836221,533.837952140452
2021-11-15,512.4,515.9,505.5,506.55,13328183,533.4568434343435
2021-11-16,507.4,507.4,493.5,495.1,19553216,531.686156806157
2021-11-17,493.85,505.4,491,498.15,20488483,530.0964995189998
2021-11-18,499.1,506.2,492.3,503.8,22471070,528.9548857623856
2021-11-22,506,506,477.5,486.4,28800269,525.7593205868205
2021-11-23,485.25,495.4,480,493.05,20000371,523.2247029822031
2021-11-24,495.8,500,489.05,493.15,13963769,520.6886315536317
2021-11-25,490,495.45,486.3,490.55,12894211,517.8545755170754
2021-11-26,486.25,487.9,467.1,470.5,26305817,512.9109788359788
2021-11-29,470,477.75,454.3,465.1,22407465,507.5596657046657
2021-11-30,468,477.25,458,460.55,23026652,501.86645141895156
2021-12-01,464.45,477.25,464,475.3,17156956,497.98075637325627
2021-12-02,474.5,478.15,470.95,477,12962679,494.4514225589225
2021-12-03,475.75,481.5,470.05,473.15,16653993,490.6755591630593
2021-12-06,473.15,477,463.8,465.3,14353300,486.26115079365104
2021-12-07,469.2,479.7,469.2,476.7,13644942,483.33209956709953
2021-12-08,480.9,492.4,480.25,491.55,20397660,482.22716450216444
2021-12-09,492.3,493.5,486.1,488.65,12560970,480.8876851851848
2021-12-10,488.5,495.95,484.4,494.7,13261408,480.3010954785958
2021-12-13,497.75,500.45,486.35,487.8,14047645,479.12262987012946
2021-12-14,486,490.35,481.8,488.55,11642447,478.2356721981726
2021-12-15,490,491,483.5,484.8,8639835,477.1789694564694
2021-12-16,488.35,490.55,478.25,481.15,11107781,476.0013335738332
2021-12-17,480.05,481.4,466.5,467.8,12648603,473.63852693602723
2021-12-20,459,464,443,449.2,22336114,469.62233645983645
2021-12-21,457.05,458.25,444.5,446,16617447,465.65415945165944
2021-12-22,450,457.3,449,455.85,13102553,463.0733020683019
2021-12-23,461,465,457.75,461.8,14471377,461.4263227513227
2021-12-24,462.6,463.6,452.2,456.95,13221159,459.49559644059644
2021-12-27,453.7,460.5,450.55,458.05,8856482,457.8795466570468
2021-12-28,461.2,462.9,459.05,461.2,8832210,456.8137181337181
2021-12-29,461,462.15,451.4,454.4,11757303,455.2468578643579
2021-12-30,452.75,454.9,448.5,451.7,28879190,453.55768638768626
2021-12-31,454.25,461.4,453.1,460.45,10005842,453.01340187590193
2022-01-03,462,472,460.1,470.8,13124509,453.7364189514193
2022-01-04,472.5,484.7,471.05,483.5,23296671,455.91756974506944
2022-01-05,481.9,495,479.15,492.4,24694169,458.97889850889845
2022-01-06,487.7,494.4,485.4,491.7,18190843,461.8171789321788
2022-01-07,493.45,501.95,489.45,491.25,22746330,464.4447029822029
2022-01-10,493.35,504.95,492.5,503.65,15832274,468.31079004329024
2022-01-11,503,507.8,499.25,505.95,16107950,472.2827549302547
2022-01-12,509.9,513.5,508.5,510.25,14489616,476.5438371813372
2022-01-13,510,512.85,507,511.35,10450974,480.6873809523808
2022-01-14,509,510.35,505.15,508.35,8724574,484.32538359788356
2022-01-17,508,518.9,507.55,514,17422211,488.47284151034177
2022-01-18,514,517.45,505,506.8,12592506,491.72295815295786
2022-01-19,505,517.65,500.3,515.8,16079457,495.87635882635885
2022-01-20,516,519.15,508,511.4,17724642,499.41024771524786
2022-01-21,505.3,507.5,498,502.7,16947941,501.88440596440597
2022-01-24,502.4,506.8,488,494.15,20233933,503.3315824915829
2022-01-25,490,517.5,489,514.65,21791739,506.8828330928327
2022-01-27,503.55,530.85,503.2,528.95,35409230,511.71275853775836
2022-01-28,534,536.4,521.4,523.45,24715250,515.5313107263112
2022-01-31,529,540.9,527.05,538.3,28674232,520.530529100529
2022-02-01,543.95,543.95,520,532.3,32245356,524.4692833092836
2022-02-02,536.65,544.25,531.35,539.8,21661864,528.8521969696967
2022-02-03,537.15,544.7,537.15,540.1,22717677,532.8504846079844
2022-02-04,542.15,546.4,527.3,530.3,25332894,535.3938660413661
2022-02-07,531.9,549,525.25,533.25,52289545,537.908587061087
2022-02-08,535.5,537.65,519,531.35,26567546,539.8216642616644
2022-02-09,534.95,536.5,527.75,535.25,14856155,541.7603583453583
2022-02-10,537.1,543.95,534.4,540.55,18659370,543.8985449735446
2022-02-11,536.25,537.7,527.1,529.6,14607095,544.5252489177491
2022-02-14,515,515.6,499.7,501.4,26153332,541.9119660894662
2022-02-15,502,526.85,497.1,524.8,23842951,541.778272005772
2022-02-16,526.5,528,514,516.7,19773807,540.6403547378545
2022-02-17,520,520,511.15,512.95,16408356,539.0024567099564
2022-02-18,510.1,520.9,510.1,515.3,15111223,537.5915860990862
2022-02-21,511.55,517.5,504.65,511.85,16866932,535.7864718614721
2022-02-22,500.9,505.3,495.5,498.4,27108772,532.5569504569505
2022-02-23,503,505.35,497.25,498.7,13899433,529.4495839345835
2022-02-24,480,487.95,468,472.65,32356037,523.61648989899
2022-02-25,480,491.9,479.3,482.95,21792287,519.093477633478
2022-02-28,476.9,485.3,473.1,483.2,18069367,514.7197402597401
2022-03-02,478,479.8,467,474.25,22003848,509.5520935545937
2022-03-03,480,483.4,464.6,467.4,20358590,503.83828042328
2022-03-04,460.3,470.9,457.65,461.95,20684268,497.71357744107746
2022-03-07,447.5,453.95,433.45,440.3,33720472,489.4247643097647
2022-03-08,438,442.1,425,440.3,42510207,481.50281144781127
2022-03-09,442,454.3,438.55,451.7,32331325,475.2534776334777
2022-03-10,469.9,476.65,461.65,468.7,34553299,471.2068253968253
2022-03-11,466.4,474.8,462,470.35,22091309,467.7199531024532
2022-03-14,471,486,470.55,485.15,27750689,466.1559884559888
2022-03-15,489,490.5,480.65,485.85,27204899,464.97133958633907
2022-03-16,493,494.3,489.4,492.75,16211288,464.8317797017798
2022-03-17,499,503.5,498.3,501.9,22947673,465.8937866762868
2022-03-21,502,502,489,490.6,19064060,465.93738095238086
2022-03-22,490.6,495.8,477.25,493.7,26157969,466.5522330447335
2022-03-23,498.5,502.4,489.2,490.65,15800195,467.08741341991316
2022-03-24,485,494.8,483.5,487.1,18174877,467.52586820586816
2022-03-25,491.75,493.3,486.6,490.7,11541196,468.58548941798955
2022-03-28,490.95,498.6,481.95,497.5,16738684,470.4349711399709
2022-03-29,500,501.4,491.7,495,14301429,472.1643518518521
2022-03-30,499.3,500.4,492.3,494.3,16461225,473.93569023569006
2022-03-31,494.3,497.55,492.2,493.55,10240982,475.72732924482904
2022-04-01,491,509.75,491,508.2,18527226,479.19713203463215
2022-04-04,509.3,514.9,506,512.4,16257176,483.1377080327082
2022-04-05,514.4,516.4,507.7,509.4,13602384,486.6841774891771
2022-04-06,507,515.2,506,513.95,13738275,490.66026695526693
2022-04-07,510.05,519.9,510.05,514.95,19620958,494.5286171236172
2022-04-08,519.5,519.5,512.35,516.1,13572638,498.3514862914862
2022-04-11,513.5,522,513.2,514.9,12370288,501.87774891774916
2022-04-12,512.75,516.7,504.35,512.85,14460680,504.96870490620483
2022-04-13,514.3,520.9,513.75,517.7,15440525,508.33976911976885
2022-04-18,512,515,504,509.5,14492183,510.5470286195287
2022-04-19,513.25,520.95,505.1,511.8,20362934,512.6445466570464
2022-04-20,512,513.7,507,509.3,11881305,514.0940500240504
2022-04-21,513.4,518,512.2,516.3,10035638,515.9760317460318
2022-04-22,512.9,513.5,499,500.6,16760456,515.9193759018758
2022-04-25,495,499.2,490.05,494.75,14057444,515.0514009139013
2022-04-26,499,507.9,498.45,505.5,12137213,515.2600348725346
2022-04-27,500,502.8,491.85,497.25,12367342,514.4584992784996
2022-04-28,499.15,510,496.5,507.5,12154792,514.7035437710438
2022-04-29,508.1,512.5,494,496.3,12894773,513.7041534391531
2022-05-02,492.65,495,481.3,491,18590895,512.082753727754
2022-05-04,492,496.45,477.5,479.65,14645323,509.2333670033672
2022-05-05,485,494,478.65,480,14130385,506.44357744107725
2022-05-06,471,486.1,471,483.95,16710020,504.07525012025013
2022-05-09,477.1,483.7,473.8,475.9,13544947,500.85049422799415
2022-05-10,477,482.55,473.5,475.2,10884328,497.648465608466
2022-05-11,475.25,479,463.65,476.55,14771351,494.66363395863436
2022-05-12,473,473,456.35,462.65,18947096,490.25736050986
2022-05-13,469.45,477,439.75,444.65,61403008,484.0533453583454
2022-05-16,445,461.5,438.85,455,27940958,479.24862554112553
2022-05-17,458.3,469.65,456.15,467.3,16880698,476.0285509860513
2022-05-18,467.9,468.6,457.1,458,15644497,472.01460437710455
2022-05-19,449.05,450,444.45,447.5,14201420,467.1452609427607
2022-05-20,454.85,464,454.15,462.4,13596860,464.212893217893
2022-05-23,463.1,471.4,459.5,460.9,13499415,461.39059403559406
2022-05-24,462.4,466.8,460.2,462.05,17175179,458.9627429052431
2022-05-25,461,464.45,452.05,454.1,12728644,455.94396705146704
2022-05-26,456.85,470.1,452.5,468.9,17055257,454.838777056277
2022-05-27,471.4,475,467.5,468.95,10977001,453.95827200577196
2022-05-30,473,476.9,471.1,474.6,9365470,453.92844757094764
2022-05-31,474,476.4,465,468.1,15441579,453.4080651755652
2022-06-01,468,472,464.7,468.3,9424008,453.1747871572871
2022-06-02,466.9,472.35,466.15,469.85,9370989,453.27822029822033
2022-06-03,473.25,475.5,463.5,464.5,11306291,452.93986050986047
2022-06-06,464.2,465.6,456.5,463.7,10661432,452.71930856180865
2022-06-07,461.85,465.95,460.5,463.4,7672515,452.62974386724386
2022-06-08,466.6,475.55,463.2,471.3,17168871,453.6008826358826
2022-06-09,468.95,470.9,462.45,466.95,12635601,454.2183549783548
2022-06-10,462,464.15,458.6,461.85,8621104,454.4012902837902
2022-06-13,454,454.05,442.1,445.85,13426836,452.94343795093795
2022-06-14,445,449.25,443.35,448.1,11351101,451.87825396825383
2022-06-15,448.95,455.45,448.6,451.35,9920926,451.3256421356422
2022-06-16,455.15,457.75,440.15,441.6,10780703,449.83272967772973
2022-06-17,440,447.55,437.25,441,14326050,448.41701058201073
2022-06-20,441.5,443.45,430.7,434.7,12368534,446.4793217893218
2022-06-21,439.5,454.95,437.6,450.75,13801891,446.37045815295824
2022-06-22,448.75,451.2,444.65,447.65,11066447,445.86938431938427
2022-06-23,449,456.45,446,451.4,12229833,445.76966690716694
2022-06-24,455.8,460.35,453.2,454.25,10833364,446.0198232323231
2022-06-27,459.95,464.85,458.05,461.2,9509175,446.99865199615203
2022-06-28,458.9,465.75,458,464.25,13261290,448.1975264550264
2022-06-29,460,462.7,458,459.1,11800876,448.80190476190467
2022-06-30,459,469.3,458.6,465.9,16926328,450.10736531986504
2022-07-01,463.35,468.8,460.55,466.85,9405495,451.46242303992307
2022-07-04,466.85,474.15,466.85,473.45,9186358,453.4272931697936
2022-07-05,475.15,480,471,472.15,12003244,455.20006974506964
2022-07-06,475.15,481,473.9,479.95,12059857,457.7673761423761
2022-07-07,484,488.25,481.6,486.75,11497832,461.0142652717651
2022-07-08,489,489.9,485.15,488.55,9057231,464.34069143819164
2022-07-11,485,491.3,485,488.2,7704792,467.50445526695523
2022-07-12,485,491.35,483.1,484.95,7364457,470.2148629148629
2022-07-13,487.75,492.45,484.55,486.5,8208853,472.976777296777
2022-07-14,486.6,488.9,476.8,479.35,9385630,474.8396476671474
2022-07-15,482.55,484.4,474.7,479.1,6945602,476.5797174122176
2022-07-18,484.55,491.5,482.1,490.3,9934786,479.4600757575756
2022-07-19,488,498.55,488,497.95,11724183,483.03263588263593
2022-07-20,501,510.6,500.4,508.6,19280117,487.55977513227526
2022-07-21,509.8,513.4,506.75,512.05,13814893,492.1433453583451
2022-07-22,513.45,520.2,511.2,513.7,14699129,496.58615319865345
2022-07-25,513.4,519,509.15,517.8,10229778,501.1576707551707
2022-07-26,517.7,520.8,513.1,514.2,8862656,504.96750721500734
2022-07-27,515.3,529.95,512.25,528.2,15101546,509.9153667628668
2022-07-28,533.2,537.5,529.55,532.45,12160734,514.857413419913
2022-07-29,535.05,537,526.75,528.35,11921058,518.9732239057241
2022-08-01,529.05,535,526.4,533.75,8295631,523.2949723424722
2022-08-02,531.9,544.9,531.1,542.1,16845027,528.1267857142856
2022-08-03,541.9,546.4,534.65,540.85,24262125,532.4084271284273
2022-08-04,543.65,544,524.2,533.25,18072293,535.508152958153
2022-08-05,535.55,542.9,529,531.05,21110734,538.0627669552671
2022-08-08,524,524,513.85,520.4,32566317,539.1401996151998
2022-08-10,521.55,523.5,513.4,514.7,16904151,539.3571945646943
2022-08-11,520,526,517.2,524.75,13862195,540.4319889369892
2022-08-12,525.7,531.8,525.15,530.7,12154012,541.9187313612317
2022-08-16,533.3,533.85,525,525.95,10721167,542.6268867243866
2022-08-17,528.85,530.55,524.35,528.15,12054183,543.3643831168832
2022-08-18,526.85,534.8,526.2,532.35,9013662,544.3676046176041
2022-08-19,532,533.65,518.5,520.35,11087222,543.8950865800866
2022-08-22,519,519.9,510,511.3,9676954,542.3166185666187
2022-08-23,508.25,524,508.25,521.9,8597965,541.7613624338622
2022-08-24,519,523,512.3,519.3,11930650,540.7775060125061
2022-08-25,521.95,528.3,518.5,520.4,15473450,539.7362349687345
2022-08-26,523.8,529.5,522.2,523.8,12855886,538.8777441077445
2022-08-29,511.3,517,508.75,514.85,9421339,536.9171669071671
2022-08-30,518.2,532.5,517.95,531.25,14835308,536.6554184704182
2022-09-01,522.25,540.9,522.25,533.3,16670228,536.5385365560367
2022-09-02,537,537.85,531.25,536.7,10017930,536.730292207792
2022-09-05,537,540.8,536.3,538.9,7819994,537.0936014911016
2022-09-06,538,542.7,534.1,537.8,8657868,537.284264069264
2022-09-07,534.4,537.45,531.55,532.85,8445359,536.8821693121696
2022-09-08,536,546.3,535.5,544.65,12240707,537.7793999518998
2022-09-09,549.65,557,548,553.35,18587927,539.615619288119
2022-09-12,554.9,558.6,551.25,554.9,9677415,541.5522582972586
2022-09-13,560,560,553.75,558,16707275,543.7787782587783
2022-09-14,550,574.85,549.25,571.75,21632641,547.4636063011061
2022-09-15,572.55,578.5,567.9,572.15,12749947,551.1040981240984
2022-09-16,569.1,574,560.3,561.8,14739280,553.5018867243863
2022-09-19,560.7,574.4,559.55,572.25,11194003,556.9199639249641
2022-09-20,577.95,577.95,572.85,574.05,8484017,560.3300336700339
2022-09-21,575,577.3,565.4,569.7,9392526,563.0302380952376
2022-09-22,566.75,574,562,567.3,11869435,565.3022546897552
2022-09-23,564.8,568,549.5,550.6,12563239,565.6522763347763
2022-09-26,545.8,549,533,543.3,16158750,565.1406734006732
2022-09-27,544.55,550.9,533.2,536.5,11066799,563.8614766714769
2022-09-28,532.9,539.8,520.35,524.85,12233485,561.3444131794126
2022-09-29,529,535.7,519.55,521.75,17310168,558.4949687349688
2022-09-30,524,536.9,516.15,530.6,17466950,556.5602332852334
2022-10-03,527.6,531.65,518.5,519.75,9351162,553.4466089466089
2022-10-04,533,535.8,527.8,532.7,8745887,551.7396945646947
2022-10-06,534.6,541.8,534.6,537.3,9507322,550.4952008177005
2022-10-07,535.5,535.6,526.55,530.2,11065307,548.4563564213568
2022-10-10,525.7,533.9,522.2,530.75,9649292,546.4211327561329
2022-10-11,530.75,533.7,525.5,527.4,10825440,544.0509247234245
2022-10-12,530,535,526,533.8,8522604,542.4098556998558
2022-10-13,533,533.8,520.2,521.45,12972765,539.4750396825394
2022-10-14,530.2,534.85,526,527.2,8545479,537.2536556036557
2022-10-17,526.4,544.7,524.2,543.65,13485349,536.8569600769601
2022-10-18,547.1,563.5,546.75,562.45,20440781,538.4365307840305
2022-10-19,563,563.45,551.55,553.4,9540583,538.974518999519
2022-10-20,552,556.8,545.3,555.4,11225588,539.7401322751322
2022-10-21,557.25,565.8,557.25,560.85,11767639,541.1045935545937
2022-10-24,567,572.5,565.9,570.5,3692065,543.5055014430017
2022-10-25,572.5,586.2,568,578.55,19899324,546.7939646464644
2022-10-27,583.95,585,577.6,579.65,13613533,550.1909030784029
2022-10-28,579.95,582.65,567,570.75,10043644,552.5699555074553
2022-10-31,574.95,577.45,568.4,573.8,9894639,555.3095093795092
2022-11-01,576.35,585.75,574.6,576.9,12069579,558.4172041847046
2022-11-02,575.9,578.95,569.9,573.85,10241440,561.2004076479077
2022-11-03,569,587.95,568,584.9,17557998,565.1647667147664
2022-11-04,586,596.95,580.4,593.95,25759031,569.952481962482
2022-11-07,613,622.7,607.7,614.15,44265903,576.6806493506494
2022-11-09,621,621,610.55,615.55,18939854,583.2038143338148
2022-11-10,613.1,615.1,602.2,605.75,11618405,588.2511111111111
2022-11-11,617.25,619.55,598.5,601.3,15525267,592.4326322751322
2022-11-14,603.95,603.95,591.65,592.55,12957268,595.361020923521
2022-11-15,594.3,602.1,592.65,600.85,10286417,598.8393867243867
2022-11-16,599.95,603.5,596,599.75,11555749,601.8922679172678
2022-11-17,599.1,602.75,596.15,599.05,8167131,604.5912518037517
2022-11-18,601,605.75,597.15,602.7,12933675,607.3658850408851
2022-11-21,602.1,602.1,595.35,598.1,7412419,609.3240187590186
2022-11-22,598.15,600.7,596.15,599.1,8048595,611.0586303511304
2022-11-23,601.55,609.6,601,607.65,12435924,613.406537999038
2022-11-24,609.75,611.3,605.8,609.35,8960032,615.5265752765754
2022-11-25,610.55,613.7,606.25,607.4,9994513,617.0487746512747
2022-11-28,605.6,610.9,602.35,608.6,7934274,618.4074386724386
2022-11-29,607.1,611.8,607.1,608.55,6942919,619.5657539682541
2022-11-30,608.5,611.4,598.4,602.45,15606230,619.8201924001924
2022-12-01,607.85,609.8,601.55,608.1,14209313,620.4629292929292
2022-12-02,607.5,609.6,604.25,607.55,7533838,620.831283068783
2022-12-05,608.5,618,607.55,617.3,11585602,622.0804232804231
2022-12-06,614.75,619.8,607.8,608.95,12996244,622.2594721019723
2022-12-07,610.85,612.9,604.5,607.05,7613892,622.103819143819
2022-12-08,609.75,613.8,607.15,611.65,10020015,622.2783429533428
2022-12-09,614.4,618,609.1,616.5,11202267,622.7978294853293
2022-12-12,614.8,618.7,611,613.05,9285187,622.7657142857145
2022-12-13,613.5,617.4,612.5,616.75,7455415,622.95076960077
2022-12-14,618.5,626.75,617.5,625.5,14010673,623.9369167869164
2022-12-15,625.55,629.55,614.3,615.95,10622271,623.781554834055
2022-12-16,612,615.6,602.1,603.35,9435071,622.3138443963444
2022-12-19,604,609.5,603,604.45,8322012,621.0719504569504
2022-12-20,603,606.5,599.55,604.45,6753785,619.8886231361234
2022-12-21,605.9,609.15,589.6,593.4,9217253,617.5584018759015
2022-12-22,597,599,587.55,593.4,8740149,615.2644624819628
2022-12-23,590,590.7,571.5,574,13047046,610.9791943241942
2022-12-26,574,601.7,570.7,597.1,13201587,609.3319877344879
2022-12-27,600.4,603.1,593.3,601.9,9638618,608.2482154882156
2022-12-28,600.9,607,598.55,601.05,7988631,607.1241630591628
2022-12-29,600,618,597.15,611.8,20130392,607.1819372294373
2022-12-30,615.25,620.55,611.35,613.7,13052895,607.4308922558924
2023-01-02,614.95,619.2,611.2,612.2,6726084,607.5390055315054
2023-01-03,614.5,616.6,610,612.4,6818062,607.7123965848969
2023-01-04,611.85,614.95,604,605.2,7011191,607.1432287157287
2023-01-05,607,611.6,601.95,605.1,8241475,606.6213035113032
2023-01-06,607.4,607.45,597,600.65,7972036,605.6685413660415
2023-01-09,605,609,600.1,607.7,8878905,605.5113419913422
2023-01-10,608.45,609,590.6,595.15,10622660,604.0455772005771
2023-01-11,596.45,599.5,592.25,596.7,7419630,602.8337650312652
2023-01-12,597.9,597.9,590.1,594.9,8183715,601.5551034151031
2023-01-13,597.9,602.9,593.65,600.1,7877610,600.9185401635402
2023-01-16,603,606.1,600.6,603,5483191,600.642742905243
2023-01-17,603,606,586.05,592.95,13461999,599.3568686868686
2023-01-18,595.9,597.15,587.6,591.45,11538075,598.0473184223182
2023-01-19,591,591.75,587.55,589.85,7475688,596.6900733525732
2023-01-20,593.8,596.6,590.8,592.2,6750607,595.7373316498316
2023-01-23,598.5,601.75,592.95,600.45,6604469,595.8494492544495
2023-01-24,603.5,604.6,593.05,594.35,7609623,595.3942267917271
2023-01-25,595.85,595.85,567.4,568.7,25686294,592.2255519480516
2023-01-27,568,568.55,532.25,539.95,40163464,586.1352513227514
2023-01-30,536,554.35,525.2,538.2,40797825,580.1559932659934
2023-01-31,545,557,537.85,553.5,21911943,576.0671103896105
2023-02-01,561.4,565,499.35,527.35,38218810,569.3621957671957
2023-02-02,520.2,532.65,502.5,528.1,39287056,562.9367364117362
2023-02-03,536,545.95,519.15,544.2,32317232,558.5548304473309
2023-02-06,558.8,558.8,536.55,545.4,25338586,554.5711700336701
2023-02-07,548,551.4,541.05,547.1,16195947,551.0268891293891
2023-02-08,550,554.5,545.5,549.75,15502847,548.075747955748
2023-02-09,552,552,542.8,550.8,15061047,545.543421115921
2023-02-10,546.5,557.25,546.5,553.05,13824475,543.5401178451183
2023-02-13,554,556.9,533.3,537.5,18488732,540.1482058682059
2023-02-14,539.95,544.6,530.75,540.85,18559909,537.4280339105337
2023-02-15,540,544.65,536.8,542.25,12796579,535.1538155363157
2023-02-16,546.85,546.85,538.5,540.1,12767016,532.9151827801826
2023-02-17,538.5,539.65,527.75,531,14192008,530.0187349687352
2023-02-20,532,533.95,522.15,525.15,12570032,526.7848544973544
2023-02-21,527.1,528.95,522.4,523.45,10223218,523.6938961038961
2023-02-22,520.75,521.9,512.5,516.35,14763050,520.1593241943241
2023-02-23,516.95,524,511.35,521,15535085,517.5059583934584
2023-02-24,524.2,527.5,517.6,521.05,12253035,515.2359355459357
2023-02-27,521.1,529.8,519,527.7,11048799,514.0000048100048
2023-02-28,527.25,528.45,521.05,522.8,15768010,512.5187133237132
2023-03-01,523.25,537.4,523.1,536.7,13510198,512.8228655603654
2023-03-02,535.95,539.9,532.5,533.75,10376913,513.0526166426167
2023-03-03,542,564.3,541.75,561.2,27656538,516.5167712842713
2023-03-06,564.9,567.9,559,561.7,16162268,520.1743422318423
2023-03-08,560,565.5,556.45,564.8,12637578,524.1740476190477
2023-03-09,564.75,565.75,558,558.9,8993423,527.384381914382
2023-03-10,553.1,554.95,545,547.35,11522371,529.2181144781146
2023-03-13,547,553.15,528.45,530,14373729,529.1955555555553
2023-03-14,527.65,532.8,520,525.4,14750800,528.6249494949492
2023-03-15,529.8,532,515.55,517.55,11282329,527.1959992784995
2023-03-16,518.4,529.35,514.3,524.5,20040008,526.6010413660417
2023-03-17,528.65,531.6,520.1,529.8,18787379,526.6342628667627
2023-03-20,526.6,526.6,515,519.2,14275315,525.5770382395384
2023-03-21,522,523.45,516.45,521.85,29485180,524.9052525252522
2023-03-22,522.2,527,520.1,521.55,11619538,524.2948556998557
2023-03-23,519.4,521,511.5,512.75,22097792,522.849404761905
2023-03-24,514.5,514.95,503.45,505.35,14416984,520.677341269841
2023-03-27,507,514.15,501.55,510.15,15674218,519.1425565175566
2023-03-28,511.45,511.75,503.85,508.1,15833599,517.4963143338141
2023-03-29,509,518,506.3,516.5,24203789,516.8592869167871
2023-03-31,520.65,524.9,519.35,523.75,17356345,517.0165440115438
2023-04-03,524.75,528.5,522.1,526.75,14210949,517.4562734487732
2023-04-05,527,527.6,519.05,523,13574801,517.431334776335
2023-04-06,524,533.7,521.65,527.65,25125879,517.8227368927365
2023-04-10,529.25,530.4,524.4,526.3,17335453,517.9872655122659
2023-04-11,530.85,535.7,527.15,532.1,26414406,518.6956397306394
2023-04-12,533.2,534,526,528.2,21292441,518.9233633958632
2023-04-13,529.3,534.25,527.15,532.95,28597560,519.590372775373
2023-04-17,528,545,528,544,32476990,521.4242039442039
2023-04-18,545.35,548.5,540.5,545.85,22283456,523.3707178932183
2023-04-19,544,547.5,538.25,540.3,21156372,524.7683513708511
2023-04-20,541.2,545.45,536.65,544.8,25588577,526.7262578162578
2023-04-21,545,546.4,539.7,543.15,22599418,528.5976791726792
2023-04-24,543.8,555.55,543.5,554.6,23335611,531.7812974987972
2023-04-25,555,567.9,555,561.8,38142390,535.7086339586341
2023-04-26,562,567,556.45,566.35,23143882,539.960606060606
2023-04-27,565,567.4,561.1,564.75,17845169,543.8498075998076
2023-04-28,567.8,580.45,565.5,578.3,16183423,548.9648581048583
2023-05-02,580,580.85,573.15,575.3,13667511,553.4959668109666
2023-05-03,570.65,575,569,570.5,9699527,557.2914646464648
2023-05-04,570.2,580.8,568.5,580,12533761,561.8485858585857
2023-05-05,580.2,588.25,575.05,576.5,18163461,565.7426779701779
2023-05-08,577.65,587.6,577.35,583.6,12990869,570.1234319384318
2023-05-09,585,586.45,572.1,573.5,18959065,573.0670129870128
2023-05-10,575,575,563.25,572.2,18561315,575.5341029341032
2023-05-11,572.2,580,572,573.45,16016715,577.8271717171718
2023-05-12,574.7,580.75,571.55,578.15,11319335,580.2983044733043
2023-05-15,578.75,584,574.65,581.9,11410243,582.8697402597402
2023-05-16,584,590.4,582,586.3,22178229,585.6379846079843
2023-05-17,586,590.5,579.5,586.3,23739774,588.1308573833574
2023-05-18,590.3,593.9,571.4,574.2,45656620,589.033192640693
2023-05-19,579,586.25,569.9,575.15,42293962,589.8285822510824
2023-05-22,577.5,580.3,573.45,577.15,21484049,590.6149543049543
2023-05-23,578.9,583.7,576.8,581.6,16120548,591.6761808561806
2023-05-24,579.8,585.25,578.25,582.7,17616658,592.6077248677251
2023-05-25,582,582.9,577,581.25,16479436,593.1595803270804
2023-05-26,581.25,587.75,580.55,586,9788076,594.052202982203
2023-05-29,590,596.4,588.05,595,18432231,595.7306060606059
2023-05-30,595,595.5,591.5,592.8,15031640,596.9058249158247
2023-05-31,583.8,584.8,577.5,579.85,28797643,596.4597703222704
2023-06-01,581.8,586.4,581,582.75,17820226,596.140022847523
2023-06-02,584.7,588.9,583,587.2,11323908,596.1636063011064
2023-06-05,588.5,589.8,586,587.2,12920507,596.0786748436747
2023-06-06,588,588.9,583,585.35,11199940,595.7223544973542
2023-06-07,588,590.6,586,589.2,11113781,595.7084680134681
2023-06-08,589.95,593.95,586.35,588.5,15971917,595.6084355459358
2023-06-09,588,589.1,576.75,578.7,18870272,594.4301202501205
2023-06-12,580,581.5,577.7,578.65,8786066,593.2348148148146
2023-06-13,579.45,581.4,574.25,576.4,12612098,591.8441847041846
2023-06-14,577,578.55,575.25,576.55,8948696,590.5055772005775
2023-06-15,576,576.7,565.25,566.5,17934877,588.1631998557001
2023-06-16,568.75,574.7,567.05,571.25,12660226,586.401690716691
2023-06-19,571.25,572.75,565.9,568.85,17903691,584.4308573833572
2023-06-20,568.85,569.45,562.55,567.4,14549152,582.3671224146226
2023-06-21,567.4,569.5,565.65,566.35,14946871,580.2862722462723
2023-06-22,566.35,569,561.05,562.95,14979063,577.9557816257817
2023-06-23,562,562.1,553.8,554.6,12215712,574.8796476671478
2023-06-26,556,558.5,554.5,557.05,8360264,572.2518229918226
2023-06-27,558.25,567.95,555.65,566.1,10694768,570.7064923039927
2023-06-28,572.25,574,568.55,569.8,18028934,569.6304413179414
2023-06-30,574,574,570.2,572.85,8718232,568.9483116883114
2023-07-03,574.5,586.35,573.9,585.45,15421985,569.6889393939396
2023-07-04,588.2,595.95,582.25,589.25,24799250,570.8593350168351
2023-07-05,589.8,593.7,588.2,590.6,13598114,572.168603896104
2023-07-06,590.4,593.5,589.1,592.5,11323509,573.6873653198654
2023-07-07,590,595.5,585.5,593.6,11707209,575.3675036075035
2023-07-10,594.65,599.8,590.25,592.6,11417363,576.9708766233767
2023-07-11,595,595.95,587.35,588.55,13221177,578.1038997113998
2023-07-12,589,594.5,588.2,589.25,16029716,579.3107154882156
2023-07-13,594.9,598,583.35,585.65,20024503,580.1434704184708
2023-07-14,586.75,591.3,580.7,584.4,12190152,580.8659848484847
2023-07-17,587,602.85,584.2,601.1,19378986,583.3945322270324
2023-07-18,603.05,604.05,588.75,592.35,25757209,584.9462205387209
2023-07-19,594.65,602.4,592,601.45,17556585,587.4616618566616
2023-07-20,601.4,610.8,598.75,610.05,34038351,590.795141895142
2023-07-21,610,619.5,609,615.1,21040281,594.5292376142374
2023-07-24,615.05,621.9,614.3,617.65,11756364,598.3545779220779
2023-07-25,621.8,621.8,604.2,609.6,18503305,601.126678691679
2023-07-26,612,616.35,609.15,615.15,9999125,604.2822631072631
2023-07-27,616.4,621.25,613.1,616.55,17444742,607.3826178451177
2023-07-28,616.4,619.9,613.6,616.05,11930586,610.2058189033188
2023-07-31,616.65,621,614.5,620.2,8605483,613.2439177489177
2023-08-01,620.2,620.85,610.6,611.85,13493453,615.1297582972583
2023-08-02,609.85,610.5,594.1,598.45,14977497,615.3406024531025
2023-08-03,598.7,600.85,585,590.5,27774877,614.4755399230398
2023-08-04,594.8,598.7,571.4,573.3,52725616,611.5933633958634
2023-08-07,577,577,566.65,567.9,32736325,608.0939357864356
2023-08-08,571,574.25,568.45,573.1,25038671,605.1569961519964
2023-08-09,575,575,568.35,573.75,15769111,602.2857467532468
2023-08-10,573.75,577.6,570.1,573.65,27325801,599.4605904280904
2023-08-11,575.45,579,572,574.15,18221179,596.7656685906685
2023-08-14,572.95,573,558.6,560.8,28084093,592.7228162578161
2023-08-16,558.8,566.4,554,565.35,15725767,589.3188251563257
2023-08-17,565.75,573.15,564,572.15,27910162,586.7736231361231
2023-08-18,570,575.25,567.4,572.95,18253227,584.4089273689274
2023-08-21,572.95,575.55,570.75,571.7,9380810,581.988362193362
2023-08-22,572.5,574.45,567.5,568.5,14073413,579.3106216931211
2023-08-23,571,577.95,566,576.9,18579297,577.6114790764794
2023-08-24,578.15,582,575.55,576.95,24131644,575.9506878306879
2023-08-25,573.8,575.3,567.2,569.95,12271885,573.6622198172196
2023-08-28,572.8,574.8,569.2,572.85,9711932,571.7904846079849
2023-08-29,573.65,576.3,571.85,574.85,13144855,570.2741955266948
2023-08-30,576.7,577.7,566.1,567.4,15281416,568.1434355459359
2023-08-31,569.3,570.3,559.4,561.35,27898476,565.6095370370372
2023-09-01,562.7,571.2,562.1,569.55,18121168,564.2423208273207
2023-09-04,572,576.35,568.45,575.55,12108655,563.7253210678213
2023-09-05,575.6,578.25,571.35,573,14444729,563.1505074555071
2023-09-06,574.25,574.25,568,570.5,20609936,562.5393963443966
2023-09-07,568,581,568,579.05,12390597,563.0864333814333
2023-09-08,581,588.5,579.7,583.45,14032068,564.3301887926887
2023-09-11,587,592.3,585.35,591.7,10946134,566.619241221742
2023-09-12,593.65,594.25,584.65,588.35,16093060,568.603748196248
2023-09-13,588.4,598,583.45,596.45,19377172,571.4894035594036
2023-09-14,598.45,603.7,595.2,597.3,13178911,574.3692279942281
2023-09-15,599.35,600.7,595.2,598.8,11756389,577.2744708994709
2023-09-18,598.8,608.4,597.05,603.95,19305055,580.6143518518523
2023-09-20,600.85,606.8,599.4,601.1,21314600,583.509282106782
2023-09-21,600,606.6,584.65,588.15,23453425,584.8816366041366
2023-09-22,593.5,602,591.4,598.15,18784139,587.2506313131314
2023-09-25,601.5,601.5,590.45,594.05,9712784,588.9876238576234
2023-09-26,594,595,591.25,594.4,8327427,590.6112710437714
2023-09-27,593.45,594.3,588.2,589.75,9865347,591.6194985569988
2023-09-28,591.25,595.2,588.85,589.95,21960816,592.5584151034149
2023-09-29,592.85,600,591.3,598.55,12189735,594.3231084656086
2023-10-03,596.6,604.9,589.6,602.95,15322196,596.4062746512742
2023-10-04,600,600.45,584.45,586.25,24914612,596.5735582010583
2023-10-05,590,594.35,587.1,592.15,13248028,597.3249795574801
2023-10-06,593.4,598.95,592.2,594.25,8216780,598.1781289081289
2023-10-09,588,589,581.55,585.1,9189597,597.9389273689275
2023-10-10,587,595,585.75,591.65,10373508,598.3366618566615
2023-10-11,596.9,597,587.6,588.35,14220119,598.2405699855694
2023-10-12,590.8,593,585,586.05,11983797,597.7378222703228
2023-10-13,577.75,581.3,574.8,576.15,19064577,596.0665392015391
2023-10-16,576,578.75,571.5,575.65,11290293,594.3167893217893
2023-10-17,577.7,579.95,575.3,576.45,10765224,592.6130832130831
2023-10-18,577.75,579.25,569.35,572.65,11777454,590.4447138047134
2023-10-19,569.8,574,567,571.2,11441499,588.1266678691684
2023-10-20,569.9,570,562.1,563.1,11110988,584.9737614237616
2023-10-23,563.1,566,551,552.95,11875035,580.8530218855217
2023-10-25,558.6,560.8,553.6,556.2,12134624,577.2382527657529
2023-10-26,551.45,552.9,543.2,547,19424825,572.8284595959594
2023-10-27,550,562.5,550,561.15,10415296,570.1837974987977
2023-10-30,563,566.7,556.5,565.2,8593704,568.167887205387
2023-10-31,567,569.5,563.15,565.55,13039696,566.3893734968735
2023-11-01,566.25,569.65,563.85,566.4,13575575,564.884701779702
2023-11-02,571.1,575.45,567.6,572.1,11148516,564.1011159211159
2023-11-03,576,579.5,573.45,578.15,11371371,564.1022438672439
2023-11-06,582,582.5,573.25,574.35,16499138,563.7916221741217
2023-11-07,574.8,581.2,572.6,579.75,17923281,564.1715007215009
2023-11-08,581.9,582.6,579,580.3,15434808,564.6681529581533
2023-11-09,581,581.85,576.5,578.35,12434363,565.0117075517077
2023-11-10,577.8,581,575.4,579.5,6773038,565.5896729196729
2023-11-12,584.75,584.75,580.1,581.3,1947722,566.4917123617121
2023-11-13,581,582.5,575.2,581.35,11282362,567.4281565656568
2023-11-15,587.25,588,582.6,584.7,11397676,568.7835293410297
2023-11-16,584.7,588,582.9,584.65,8622660,570.1936519961519
2023-11-17,574.5,574.5,562.1,563.05,37173221,569.2995322270323
2023-11-20,564,566.8,560.6,563.75,12714585,568.6240728715726
2023-11-21,566,566.65,561,561.5,14280013,567.8353306878307
2023-11-22,562.95,564.5,555.15,558.95,14909071,566.9033658008659
2023-11-23,561.75,563.5,558.3,559.95,6376210,566.1626659451658
2023-11-24,561.95,562.45,559.25,560.35,6529851,565.5377621452618
2023-11-28,563.6,565.2,561.1,564.45,8153314,565.429114959115
2023-11-29,568,569,565.1,568.6,10299034,565.8045683020683
2023-11-30,569.75,570.2,563.65,564.75,19758998,565.7744925444925
2023-12-01,567,574.2,566.55,571.75,10614230,566.4735437710439
2023-12-04,588,596,584.55,594.7,26077882,569.519098124098
2023-12-05,595.05,611.3,595.05,608.25,36430152,573.8168578643575
2023-12-06,614,614,604.55,608.45,21439069,577.8196344396347
2023-12-07,610,612.55,605,611.7,10725706,581.9276010101008
2023-12-08,610,616.8,605.35,614.15,17722136,586.0604124579125
2023-12-11,615,619.9,613.1,614.25,11706255,589.9534187109189
2023-12-12,617,617.95,610.8,612.4,14494836,593.4035750360748
2023-12-13,614.45,620.5,611.65,619.85,13977914,597.4544648869652
2023-12-14,626,627.75,622.4,623.65,15813797,601.7059535834535
2023-12-15,628,650,619.85,648.25,29813572,608.3515307840306
2023-12-18,646.65,655.65,642.4,648.5,16221796,614.6964273689275
2023-12-19,648.5,659.6,640.25,655.4,19964008,621.4579124579122
2023-12-20,658.7,660.4,633.95,636.45,22542056,625.8238684463687
2023-12-21,632.15,648.95,627.5,643.75,19915516,630.6952549302549
2023-12-22,644.75,649.4,635.15,636.75,14998068,634.5127116402116
2023-12-26,638.85,641.3,635.65,638.05,10153089,638.2091245791248
2023-12-27,640.75,649.45,639,648.55,14417646,642.7780675805673
2023-12-28,650.25,653.3,646.5,651.4,16982092,647.3495322270325
2023-12-29,645.5,649.6,639.55,642.05,13221898,650.4948027898027
2024-01-01,642.2,646.9,638,641.35,8295548,653.1835149110148
2024-01-02,641.35,648,633.85,639.45,15164482,655.2805844155845
2024-01-03,639.35,648,635.8,643.45,14571772,657.4149747474746
2024-01-04,642.5,646.4,638.65,642.75,13883388,659.0762674362676
2024-01-05,645,651.75,637.75,641.95,15984585,660.2594384319384
2024-01-08,640,645,625.05,627,14739531,659.4733032708032
2024-01-09,632,634.35,624.5,625.4,13400235,658.2420370370373
2024-01-10,624.8,625.3,618.2,621.75,12742464,656.3339947089945
2024-01-11,626,627.15,618.5,620.2,15533860,654.0334151034151
2024-01-12,623.8,636.5,621.1,633.6,16620797,653.0772979797981
2024-01-15,638.9,645.5,636.1,640.1,16844018,652.733742183742
2024-01-16,640,644.9,633.45,636.9,15025543,651.9403234728237
2024-01-17,624,636.8,623,626,30016308,649.8949025974024
2024-01-18,625.8,633.45,619.05,628.3,14695436,648.0726924001923
2024-01-19,633,635.5,624.7,627.75,11675202,646.1579617604618
2024-01-20,629,633.8,624.1,631.4,9886760,644.5929232804232
2024-01-23,627,634.9,600.65,605.1,30954343,640.1874230399231
2024-01-24,609.95,622.35,603.1,618.3,19221835,637.3118566618566
2024-01-25,618.5,623.8,606.25,612.75,22684904,634.0286519961518
2024-01-29,619,629.5,615.6,622.95,19572140,632.0488864838868
2024-01-30,625.45,633.5,624.2,626.75,16966577,630.6756517556519
2024-01-31,626.4,643.2,622,640.5,23270745,630.8583826358825
2024-02-01,642.75,652.95,633.25,647.65,26587707,631.8639911014913
2024-02-02,652,660.55,646.7,649.65,27471811,633.0692977392976
2024-02-05,647.1,654.8,638.75,642.95,28339525,633.5397222222222
2024-02-06,644.45,655,637.7,650.25,14079390,634.8597438672438
2024-02-07,655.05,677.95,655,675.25,41696232,638.907018999519
2024-02-08,680.4,718.9,678.5,699.55,74222434,645.4550613275612
2024-02-09,703.65,728.35,694.2,725.25,43235061,654.5369203944206
2024-02-12,726,726,704.5,707.9,22873137,661.4122138047138
2024-02-13,708.55,718,702.15,713.45,23351472,668.6378655603658
2024-02-14,705.55,748.5,705.55,743.4,36782182,678.7980471380472
2024-02-15,747.7,764,741.65,761.7,33941282,690.5010341510339
2024-02-16,763.45,774.6,753.35,754.7,27365121,700.8694071669072
2024-02-19,758.7,765,750,759.25,13979584,711.1619973544972
2024-02-20,759.05,763.5,754,760.1,12528399,720.9444444444448
2024-02-21,760.65,777.5,759.6,771.5,21465311,731.3304136604136
2024-02-22,773,773,757,765.9,18799244,740.5015584415588
2024-02-23,765.9,770.5,755,759.05,14143636,748.3755363155362
2024-02-26,755,766.35,752.7,758.9,11355186,755.6849386724388
2024-02-27,758.9,762.35,742.2,749.85,13969393,761.417107984608
2024-02-28,749.85,756.75,741,742.5,11263318,765.8067724867728
2024-02-29,743.9,753.9,737.15,748.1,19217113,770.2725733525731
2024-03-01,752,772,751.95,769.15,17348526,776.4643879268881
2024-03-02,771.95,777,768.9,773.3,1158960,782.3298039923045
2024-03-04,774.4,777,769,772.05,9789141,787.3383609908608
2024-03-05,769.5,786.95,769.1,783.95,18088847,792.8594504569508
2024-03-06,783.65,790.3,772.9,783.9,26710525,797.6112854737852
2024-03-07,790,793.4,783,788.05,15497868,802.0597234247233
2024-03-11,790,792.8,770.55,773.7,16778340,804.2884151034148
2024-03-12,770,777.75,757.35,759.7,21529705,804.4345586820592
2024-03-13,758.65,763.7,743,747.25,27950252,802.7443362193363
2024-03-14,749.9,750.8,734.05,741.05,19730882,799.9088852813851
2024-03-15,739.25,746.55,723,731.9,29792241,795.6727188552189
2024-03-18,727.1,737.9,722.1,730.95,18145126,791.0873039923035
2024-03-19,730,734.35,721.15,723.8,15205043,785.6274074074078
2024-03-20,725.15,738.95,719.8,736.25,25405455,781.5626503126499
2024-03-21,742,750.6,740.55,744.3,15161161,778.2732503607502
2024-03-22,743.85,748.8,741.4,746.7,15535921,775.143252765753
2024-03-26,743.05,747.85,738.5,740.05,14678342,771.3507948532947
2024-03-27,743,745.85,730.2,733.3,30088789,767.013374218374
2024-03-28,737.75,759.55,736.9,752.35,21705116,764.8992784992784
2024-04-01,759.05,761.5,752.1,758.3,9949971,763.5416257816257
2024-04-02,758.2,768.75,753.35,766.4,15713063,763.1500228475229
2024-04-03,764.9,772.6,760.15,771.05,19136981,763.3785533910531
2024-04-04,775,775.3,758.1,759.3,15889530,762.4101599326602
2024-04-05,757.95,767.7,752.6,764.75,9939620,762.1017748917743
2024-04-08,766.05,770,761.8,768.3,9797174,762.2258140933145
2024-04-09,768.45,772.45,761.1,764.2,7465892,761.905351130351
2024-04-10,766.5,780.7,763.65,779.05,14530669,763.1493915343916
2024-04-12,777.25,779.5,764.8,766.3,14408722,762.9618506493504
2024-04-15,759.8,763.3,748.75,757.5,11356572,761.9341293891296
2024-04-16,751.25,754.9,744.4,751.7,13338991,760.4675384800385
2024-04-18,752.05,759.95,742,744.8,14589648,758.4559571909571
2024-04-19,734.5,752,732.05,750.45,10886554,757.3426226551227
2024-04-22,754.15,769,750.45,766.1,17452186,758.1658501683506
2024-04-23,770.35,777.7,765.55,773,12292429,759.9349879749877
2024-04-24,778.5,778.5,770.2,773.1,7842615,761.8045827320825
2024-04-25,770.65,814.4,769.65,812.7,36732974,767.9275962000963
2024-04-26,815.9,816.9,798.9,801.3,14964358,772.5887614237616
2024-04-29,807,831.25,798.7,826.5,27302732,779.733968253968
2024-04-30,826.5,834.85,819.9,826.25,27449073,786.4663083213084
2024-05-02,826.9,833.9,825,830.05,19943724,793.1996103896098
2024-05-03,834.8,836.2,820,831.45,22667634,799.6054834054839
2024-05-06,835,836,803,807.8,35283557,803.0426851851851
2024-05-07,812,814.65,793.2,801.9,16725013,805.5766354016354
2024-05-08,802.6,822,799.5,810.8,27908322,808.8295286195286
2024-05-09,811.9,839.65,803.55,819.8,49290254,812.7161351611348
2024-05-10,827,832.05,815.6,817.35,20543142,815.9202970177977
2024-05-13,819.85,819.85,798.6,808.8,15398505,817.9051539201537
2024-05-14,813,822.4,807.9,818.2,10912462,820.662133237133
2024-05-15,821,825.3,818.05,820.3,9755062,823.4077657527657
2024-05-16,825.3,826.15,797.35,811.95,20536990,825.0298617123616
2024-05-17,814.5,822.45,811.2,817.85,12492509,827.0354316979317
2024-05-18,822,823,819.2,821,960453,829.1357311207313
2024-05-21,821,836.3,819.6,830.65,14037801,832.0314478114478
2024-05-22,826.55,826.65,813.55,818.75,19239277,833.3530447330439
2024-05-23,824.7,835.5,822,832.1,17497488,835.9444588744594
2024-05-24,830,841.25,827,828.6,12252075,837.8672703222699
2024-05-27,832.6,839.4,823,833.7,12295193,839.9989237614238
2024-05-28,835.7,840.7,823.3,831.15,13818893,841.4627212602214
2024-05-29,828.4,834.45,819.3,822.65,14518232,841.5973027898026
2024-05-30,821.4,836,819.3,825.85,17818705,841.717860750361
2024-05-31,830.7,835,817.1,830.35,22267336,842.0316642616643
2024-06-03,863.55,912,856.75,905.65,64269020,850.1373532948534
2024-06-04,897,897,731.95,775.2,122381193,843.6506156806156
2024-06-05,790.75,795,744.05,789.75,74256082,838.9312842712847
2024-06-06,800,833.35,796,816.95,40555649,837.2149470899469
2024-06-07,819.9,831.5,810.5,829.95,25061284,836.9912818662816
2024-06-10,834.15,845.45,829.2,831.8,16725508,837.0099230399227
2024-06-11,836,839.6,829.05,835.55,14754408,837.4865776815776
2024-06-12,837,845.55,833,839.1,15071442,838.3944612794617
2024-06-13,845,845.9,836.1,843.9,12523972,839.7178078403083
2024-06-14,845,849.9,835.1,839.2,12903496,840.380036075036
2024-06-18,841.55,851.5,840.25,844.9,14929083,841.5627789802784
2024-06-19,846.8,860.6,841,852.6,32925140,843.5058020683017
2024-06-20,853,853.1,842.35,843.75,13985352,844.3915704665709
2024-06-21,844.9,848.05,828.6,836.3,18990090,844.3535545935549
2024-06-24,831.5,836,821.05,832.7,12715254,843.8847065897063
2024-06-25,837,845.85,834.3,842.25,20917530,844.416516354016
2024-06-26,839.85,848.8,836,845.35,16281760,845.166385281385
2024-06-27,843.9,847.4,838.25,844,20378887,845.6819853294859
2024-06-28,846.9,864,844,848.95,23636388,846.6577104377105
2024-07-01,849.35,850.5,839.95,841.95,10967797,846.8389802789799
2024-07-02,844,846.3,823.15,826.15,21142840,845.255128667628
2024-07-03,829,843.85,825,839.95,23598009,845.2119143819144
2024-07-04,843,844.9,834.3,839.3,13372587,845.0868290043292
2024-07-05,838,861.25,837,859.75,24873722,847.1763023088023
2024-07-08,859.75,865,853.5,856.25,10359800,848.8096151996158
2024-07-09,859.9,869.95,856,861.3,13585081,850.8785918710919
2024-07-10,860.1,860.25,843.5,849,17343236,851.5141257816257
2024-07-11,854.4,858.3,849.75,856.7,8501366,852.9298136123135
2024-07-12,856.7,863,855.3,859.7,11446064,854.9802753727749
2024-07-15,859.7,887.35,859.7,881.35,25392820,858.9595238095247
2024-07-16,882.3,888.1,874.3,880.7,11893692,862.4290512265516
2024-07-18,880.65,894.9,877.5,893.55,19435183,866.9896212121208
2024-07-19,895,899,883.3,889.35,14562742,870.8072222222219
2024-07-22,881.45,895,868,876.8,14614111,873.0166570466563
2024-07-23,883,884.5,849.1,863.9,18279212,873.6560521885534
2024-07-24,864.2,868,847.2,852,19624845,872.9103018278022
2024-07-25,847.5,850.75,841.2,848.5,9522375,871.775395622896
2024-07-26,844.65,864.25,844,862.45,12081506,872.116185666185
2024-07-29,866.05,889.1,863.2,871.6,26582781,873.3780146705136
2024-07-30,874.7,880.55,869,872.8,13528447,874.701522366523
2024-07-31,873.85,874.95,868,872.4,11636874,875.8644757094756
2024-08-01,877.8,881.4,859.45,862.65,11787203,875.8330796055799
2024-08-02,856.7,858.3,846.15,847.85,12609331,874.0863672438671
2024-08-05,830,831.35,800,811.65,27676951,868.4493434343434
2024-08-06,822.65,826.55,795.65,797.7,17900930,861.4957888407893
2024-08-07,809,810.7,800.55,808.65,17692355,855.9473376623373
2024-08-08,812,817.8,802.8,808.05,14769069,850.5398088023087
2024-08-09,816,829.95,809.55,824.3,15320885,847.0380411255414
2024-08-12,820.6,823,811.2,812.6,16120449,842.2960942760944
2024-08-13,813.5,820,795.05,797.55,17585172,836.0736940836942
2024-08-14,800.95,809.15,800.4,803,11788665,830.6359595959594
2024-08-16,803,814.9,803,812.1,11427335,826.453554593554
2024-08-19,815,825.4,812.6,813.7,10151482,822.6638059163067
2024-08-20,817.95,823,813.35,820.3,10347493,819.8272402597399
2024-08-21,820.3,821,811.2,815.55,14607257,816.6299939874942
2024-08-22,819,823.9,817.1,820.3,7832917,814.1497907647906
2024-08-23,821.5,822,814.5,815.35,5537747,811.2922739297734
2024-08-26,818,823.45,813.8,815.05,8523795,808.7778920153929
2024-08-27,817.8,819.45,811.05,815.9,12833290,806.7183645983644
2024-08-28,814.75,817.2,806.5,809.4,10371300,804.3725733525728
2024-08-29,809.55,816,806.95,814.5,18247268,802.9828823953821
2024-08-30,817.15,820.7,814.35,815.6,8911426,802.029444444444
2024-09-02,817.3,825.4,813.05,822.15,11813750,802.0203932178943
2024-09-03,822.15,825.95,816.4,824.8,10548350,802.4422005772003
2024-09-04,815.45,818.65,813.65,816.5,10789570,802.0877164502168
2024-09-05,818.35,822.15,814.4,818.75,8395074,802.2026851851851
2024-09-06,811.5,812.9,777,782.5,40220096,798.6963744588743
2024-09-09,785,788.2,771,784.25,21322103,795.8098220298223
2024-09-10,788,788.8,777.5,782.65,12824701,793.1796067821065
2024-09-11,780.05,788,765.4,768.6,20060665,789.4324771524772
2024-09-12,775,789.9,772.75,787.75,17578964,788.1148220298219
2024-09-13,791,795,785.1,790.85,12950936,787.2203751803754
2024-09-16,790.85,795,784.4,785.55,9553736,785.7589249639249
2024-09-17,785.6,787.5,780.55,782.9,10665630,784.0978138528139
2024-09-18,783.8,794.75,782,792.75,18324412,783.5822390572388
2024-09-19,795.05,801.35,784.05,789.95,10645478,782.9016474266471
2024-09-20,794.85,794.85,779.5,781.7,21372244,781.4334620009621
2024-09-23,786,805,784.5,801.85,17309545,782.1702429052425
2024-09-24,799.25,804.25,796.5,798.25,15180653,782.5030759980759
2024-09-25,797.9,798,788.7,793.1,18465571,782.317468734969
2024-09-26,796,803,791.6,801.85,23198842,783.1373496873499
2024-09-27,801.85,808,798.45,802.65,15193681,784.1019600769602
2024-09-30,801.9,802.6,786.45,787.9,15484573,783.5243698893693
2024-10-01,788,800.35,788,796.95,13280535,784.0431758056758
2024-10-03,789.9,804,784.3,794.1,15944135,784.3132323232326
2024-10-04,792,809.85,785.25,796.65,20097454,784.9106938431939
2024-10-07,800,804,765.4,770.65,24267990,782.7697150072148
2024-10-08,772.25,784.4,772.25,781.45,8560960,781.9111002886007
2024-10-09,786.7,804.35,782.05,797.4,18758697,782.8662169312166
2024-10-10,799,804.45,795,797.1,10241015,783.8339285714288
2024-10-11,797.2,802.7,793,799.75,14322720,785.174731842232
2024-10-14,802,809.25,800.8,805.15,8967564,787.1927176527173
2024-10-15,805.5,807.5,801.6,804.65,6252104,789.1890355940352
2024-10-16,802.8,809,802.05,805.45,6494240,791.3081385281381
2024-10-17,809.5,819.5,806,811.05,18580553,793.8628583453591
2024-10-18,811.1,822.6,802.9,820.4,11704698,797.2374675324676
2024-10-21,824.7,826.45,809,813.95,10359618,799.6875036075038
2024-10-22,814,816.85,787.5,790.4,16645356,799.3427549302552
2024-10-23,790,792.6,779.8,786,13866198,798.475251322751
2024-10-24,786.05,797,784.65,794.55,5607500,798.5328246753252
2024-10-25,798,800.75,772,780.95,9717125,797.0835906685908
2024-10-28,783.8,803.95,783.55,792.05,13757251,796.8159728234727
2024-10-29,796,834.85,790.5,832.7,28274791,800.8970262145266
2024-10-30,828,833,821.05,822.45,15977682,803.6591293891292
2024-10-31,820,828,813.55,820.2,13402324,805.9709487734488
2024-11-01,822.4,825.6,818.9,821.2,1637141,808.3075288600285
2024-11-04,822.7,837.5,807.1,829.85,14498161,811.4612842712837
2024-11-05,829.85,851.4,826.25,849.2,26254561,816.5053354978368
2024-11-06,849.2,861.4,846.2,854.8,15002433,821.9219095719097
2024-11-07,861,862.4,846.7,859.6,15283847,827.5992460317465
2024-11-08,859.6,863.5,834.2,843.15,26139105,831.1633213083206
2024-11-11,846,854,842,847.65,12621337,834.979932659932
2024-11-12,852.5,853.4,824.3,826.7,11350729,836.2895418470424
2024-11-13,823.35,831.75,804.65,808.65,13756706,835.5137926887927
2024-11-14,808.65,818,801.05,804.25,9461484,834.060848965849
2024-11-18,811,816.7,799.25,814.3,9322451,833.5607118807112
2024-11-19,819,820.3,800.1,803,13677029,831.7603126503128
2024-11-21,798.5,798.5,761.55,780.75,29486577,827.5365860990862
2024-11-22,786,819.95,784.05,816.05,20665405,827.1686483886486
2024-11-25,827,849.6,825.65,844.45,23434605,829.7802140452139
2024-11-26,844,846.7,835.55,839.4,8893744,831.6582756132752
2024-11-27,838.5,842.5,832.1,834.1,8375108,832.8022594997594
2024-11-28,834.1,845.8,830.5,838.85,13505677,834.3667207792208
2024-11-29,841.1,844.05,831.55,838.95,10822949,835.8797318422318
2024-12-02,838.95,842,832.7,836.4,6651119,837.023811928812
2024-12-03,838,856.6,836.9,853.95,12186182,839.8488888888892
2024-12-04,853.95,864,850.3,859.7,10749716,842.9735004810003
2024-12-05,860,871.45,855.6,865.45,14716036,846.4141822991822
2024-12-06,865.25,875.45,857,863.65,14520568,849.2668001442994
2024-12-09,859,866.85,856.95,858.05,9630346,851.1930170755172
2024-12-10,861.8,868.95,858.05,867.5,7379849,854.0400096200099
2024-12-11,867.5,869.85,860.95,861.6,7006973,856.066856661857
2024-12-12,861.5,864.3,851.15,853.7,8845103,857.0801106301111
2024-12-13,852.6,862.9,835,861.55,9379370,858.7961471861464
2024-12-16,859.8,866.4,857.8,860.95,6432713,860.321277056277
2024-12-17,858.55,862.6,847.05,850.55,8791216,860.7140103415101
2024-12-18,851,852,837,838.15,8295338,859.8322823472828
2024-12-19,824.6,838,820.2,832.8,9453398,858.5138840788844
2024-12-20,834.9,836,810,812,10244198,855.0508321308315
2024-12-23,817.3,824,812.2,821.15,4933200,852.7665343915346
2024-12-24,824.25,826.2,809.2,812.05,10602771,849.5541666666669
2024-12-26,813,822.85,808,812.45,8318714,846.3766666666672
2024-12-27,816.3,818.3,797.2,799.65,10649800,841.8114947089944
2024-12-30,802,807.95,785,788.3,21515438,836.1195827320822
2024-12-31,786.95,799.2,786,794.95,9086044,831.2120394420393
2025-01-01,795.55,798.65,789.5,793.2,7273098,826.0404677729684
2025-01-02,795,802.4,787,801.2,11398319,821.8426851851852
2025-01-03,801.2,809.5,792.15,793.4,13336514,817.0354593554595
2025-01-06,797.4,797.6,773.15,776.4,11419367,810.6428860028859
2025-01-07,779.85,783.85,774.85,778.75,9669152,804.7885257335254
2025-01-08,780.9,783.95,760.1,771.15,15641490,798.4168951418956
2025-01-09,771.15,771.35,726.25,760.45,15351029,791.2255856180856
2025-01-10,760.35,763.4,742.05,743.25,11779296,782.5585305435307
2025-01-13,741.5,743.95,722.5,729.5,10414733,772.9733585858584
2025-01-14,732.95,757,732.95,748.15,11960975,766.0386014911014
2025-01-15,753.15,758.9,750,753.7,7792299,760.2889923039925
2025-01-16,760.4,776.7,760.4,766.3,11816079,756.4534343434343
2025-01-17,766.3,767.95,759.4,764.1,5766573,752.8508910533911
2025-01-20,769,785,767.85,779.25,9198929,751.3741065416065
2025-01-21,784.8,784.9,756.05,759.05,13751780,748.1406986531987
2025-01-22,762,763,738,753.45,9908339,744.7683766233765
2025-01-23,750,755.65,743.1,745.9,10986405,741.1150901875902
2025-01-24,749.9,753.7,739,744.15,10579213,737.828520923521
2025-01-27,740,755.35,735.9,749.2,11433353,735.5777717652718
2025-01-28,757,759.75,745.4,752.4,14140860,734.0719432419434
2025-01-29,753,760.8,749.8,758.45,9251973,733.5701154401153
2025-01-30,758.55,765,754.75,762.6,11085824,733.7412638287644
2025-01-31,764.9,777.55,759.5,772.9,10083763,735.270544733045
2025-02-01,774.8,778.75,752.15,766,9363077,736.2327477152477
2025-02-03,762.8,762.8,753.15,760.95,7862190,736.8719516594518
2025-02-04,767,781.25,765.65,779.2,12020807,739.643157768158
2025-02-05,780,782,765,766.05,13419162,741.0307912457912
2025-02-06,769,770.85,750.05,752.25,32745391,741.0687698412702
2025-02-07,759.8,759.9,731.75,737.2,37240692,739.6924086099084
2025-02-10,740,743.9,733.4,736.8,12667049,738.5606132756136
2025-02-11,737.45,740.15,726.55,731.1,13017060,737.0476719576723
2025-02-12,733.15,738.7,717.15,733.15,12697743,735.9237313612315
2025-02-13,734.4,737.5,726.15,727.65,12370571,734.3862229437227
2025-02-14,730.95,732.9,716.2,722.15,10417539,732.4173797498793
2025-02-17,719.05,728.75,711.55,727.7,9093600,731.1699807599806
2025-02-18,727.7,728.25,717.35,725.8,8562003,729.7307010582018
2025-02-19,722.05,734.85,722.05,727.3,6766606,728.3884980759982
2025-02-20,724.9,731.5,723.35,729.7,7423268,727.3277813852817
2025-02-21,727.3,731.7,720,722,6571602,725.4808994708993
2025-02-24,710.5,719.75,710.5,716.4,6912148,723.1764285714286
2025-02-25,718.95,718.95,710,710.9,8599635,720.4430723905729
2025-02-27,716,717.7,701.1,703.9,12033139,717.2196681096679
2025-02-28,700.9,701.35,682.6,688.8,15780609,712.5678030303026
2025-03-03,690.15,697.4,680,695.3,10598479,708.8473520923519
2025-03-04,693,718.45,692.1,716.05,14386214,707.5098857623863
2025-03-05,717.55,731.3,717,730.35,10409805,707.7591486291486
2025-03-06,736,736.75,727,732.05,10928847,708.2122378547381
2025-03-07,732.05,734.85,728,732.75,7246729,708.7791029341026
2025-03-10,732.75,738.5,726.6,728.9,7400109,709.004479316979
2025-03-11,724.9,734.05,722.7,729.85,5538789,709.4559872534878
2025-03-12,730.6,737,719.05,723.05,5547762,709.347415824916
2025-03-13,725.9,731.45,724.5,727.85,5908337,709.9225865800865
2025-03-17,728.9,731.25,722.3,723.15,5149565,710.1143831168829
2025-03-18,726.6,738.45,722.6,736.7,8087710,712.0048508898515
2025-03-19,739.6,749.3,739.1,745.1,7604850,714.9171031746033
2025-03-20,748,752.7,744.2,749.55,6963197,718.3116017316016
2025-03-21,749.95,755.6,747,753.2,9577327,722.0034836459836
2025-03-24,758,782.95,755.1,780.8,12095064,728.5345670995672
2025-03-25,783.9,786,769.2,772.85,15190143,733.9427200577202
2025-03-26,772,776.05,761.45,764,7711852,738.1903006253015
2025-03-27,763.8,775.8,760.5,772.3,15648616,743.125260942761
2025-03-28,772.1,778.6,767,771.5,7628185,747.7099098124097
2025-04-01,766.8,782.75,763.2,771.7,7011125,752.0914165464166
2025-04-02,772.3,777,764.3,775.95,5458436,756.7038973063973
2025-04-03,770,784.7,769.95,779.2,7956680,761.437347282347
2025-04-04,779.1,782.9,765,767.45,8231194,764.6701262626265
2025-04-07,730,753.7,730,746.9,14923235,765.4695719095718
2025-04-08,760,774,758.15,768.6,12911288,768.4200444925443
2025-04-09,767,767.95,741,742.2,11319387,768.239576719577
2025-04-11,759,759.7,746,753.85,9360327,769.0806192881194
2025-04-15,770,770.7,757.1,763.5,7859090,770.6080339105335
2025-04-16,763.5,774.75,760.5,771.75,12536694,772.665056517556
2025-04-17,772,801,767.15,797.45,27034818,777.197727272727
2025-04-21,803,824.35,801.4,816.7,16398507,783.4724819624826
2025-04-22,821.15,835.5,814,822.4,25117557,789.9538985088989
2025-04-23,826,831,810.1,813.45,12104382,795.0475024050015
2025-04-24,812.75,819,811.15,813.4,12713521,799.7241089466092
2025-04-25,815,819,787,798.65,13131038,802.4112818662815
2025-04-28,798.65,822.8,797.4,817.35,11317611,806.7187469937475
2025-04-29,820,829,809,812.55,11283059,810.0717255892257
2025-04-30,811.5,811.5,784.5,788.65,25635764,810.4244805194799
2025-05-02,790.35,803.4,789,800,17199386,811.7245755170758
2025-05-05,782,799,782,790,23986447,811.6848112073112
2025-05-06,793.95,799.15,771.1,774.1,18869468,809.7519672919674
2025-05-07,765.3,782.4,764.55,776.1,15586266,807.9467881192877
2025-05-08,779,786.5,764,769,14491673,805.4312818662822
2025-05-09,756.5,781.7,755.5,779.25,13578216,804.0589706589703
2025-05-12,799,803.9,793,801.65,15096824,805.0359066859072
2025-05-13,798.6,807.65,797.2,801.75,13909596,805.9163179413177
2025-05-14,805.75,807.5,796.3,800.7,9281719,806.5758645983644
2025-05-15,804.45,809.45,794.5,807.75,17058854,807.8847318422318
2025-05-16,804,804,791,792.1,14733924,807.4017736892733
2025-05-19,792.1,801.4,792.1,795,10666184,807.2033537758539
2025-05-20,798.15,799.4,783.8,785.65,11324667,805.8997835497837
2025-05-21,787,791,779.1,787.1,8206040,804.587875180375
2025-05-22,788,788.2,780.3,785.25,7355826,803.0257780182781
2025-05-23,787.9,794.95,786.2,790.5,5534158,801.8466822991824
2025-05-26,792,797.55,789.2,794.4,4965466,800.947762145262
2025-05-27,794.4,801.35,790.05,793.7,11995043,799.8789213564214
2025-05-28,794.5,798.9,792.65,796.55,6873519,799.0631962481955
2025-05-29,799,800.4,791.35,797.35,14034127,798.3902200577201
2025-05-30,798,814.5,792.6,812.3,22037314,799.4649170274181
2025-06-02,812.85,822.55,809.2,813.65,26891575,800.789806397307
2025-06-03,816.2,818.4,805.15,809.8,14247597,801.7536700336697
2025-06-04,817,817,805.25,806.5,9607927,802.4355423280422
2025-06-05,808.7,811.7,802.85,806,13595507,803.0720815295809
2025-06-06,806.65,816.45,803.1,813.05,17163935,804.5778944203947
2025-06-09,817.4,824.5,815.7,820.05,12793040,806.8863864838867
2025-06-10,821,822.05,814.6,817.05,6560513,808.7702344877341
2025-06-11,817,820.6,813.05,815.05,7197825,810.4017604617609
2025-06-12,816,816.5,801.2,805.95,13448521,810.9711688311685
2025-06-13,786.25,796.3,786.25,792.35,11377117,809.9515392015396
2025-06-16,792.5,795.4,786.15,792.5,8085001,808.887424242424
2025-06-17,794,798.85,790.55,792.3,7753156,807.6851394901391
2025-06-18,792.5,795.5,788.35,791.9,5710169,806.3835798460806
2025-06-19,792.35,793.25,781.7,785.1,11824333,804.4231529581526
2025-06-20,787.5,799.45,786.1,796.15,11367669,803.7430615680619
2025-06-23,790,794.95,788.5,790.2,5549253,802.4655507455504
2025-06-24,799,806.65,793.65,795.4,11402190,801.8500529100533
2025-06-25,799.5,803.8,796.1,800.05,6528324,801.7279389129395
2025-06-26,802,803.35,791.4,797.05,24704402,801.2712157287154
2025-06-27,805,809.45,802.65,805.4,19375990,801.6680387205389
2025-06-30,809,821,807.05,820.35,19652607,803.6078090428088
2025-07-01,820,824.9,813.25,820.3,11456405,805.3901118326119
2025-07-02,821,824.05,809,812.9,6661200,806.2725998075998
2025-07-03,813.5,814.5,805.8,807.1,7020403,806.4741197691196
2025-07-04,808.75,813.85,804.1,811.85,4319538,807.1419805194806
2025-07-07,811.2,812.65,805.15,806.6,4211469,807.192427849928